fullspecies,tdi_s,tdi_v
Achnantheiopsis fonticolanceolata,2,2
Achnantheiopsis fragilarioides,5,2
Achnantheiopsis haynaldii,5,2
Achnanthes,3,1
Achnanthes altaica,3,1
Achnanthes amoena,3,1
Achnanthes angustata,3,1
Achnanthes aperta,3,1
Achnanthes armillaris,3,1
Achnanthes austriaca,3,1
Achnanthes austriaca parallela,3,1
Achnanthes austriaca var. helvetica,3,1
Achnanthes austriaca var. parallela,3,1
Achnanthes austriaca var. ventricosa,3,1
Achnanthes bahusiensis,5,1
Achnanthes biasolettiana var. biasolettiana,2,2
Achnanthes biasolettiana var. subatomus,2,2
Achnanthes biasolettiana var. thienemannii,2,2
Achnanthes bicapitata,3,1
Achnanthes bioreti,3,1
Achnanthes borealis,3,1
Achnanthes boyei,5,2
Achnanthes bremeyeri,3,1
Achnanthes brevipes angustata,3,1
Achnanthes brevipes intermedia,3,1
Achnanthes brevipes var. brevipes,3,1
Achnanthes brevipes var. intermedia,3,1
Achnanthes calcar,5,2
Achnanthes caledonica,2,2
Achnanthes carissima,3,1
Achnanthes catenata,2,2
Achnanthes chlidanos,3,1
Achnanthes clevei clevei,4,2
Achnanthes clevei var. balcanica,4,2
Achnanthes clevei var. bottnica,4,2
Achnanthes clevei var. clevei,4,2
Achnanthes clevei var. rostrata,4,2
Achnanthes coarctata,3,1
Achnanthes coarctata sinaensis,3,1
Achnanthes coarctata var. elliptica,3,1
Achnanthes coarctata var. sinaensis,3,1
Achnanthes cognita,4,1
Achnanthes conspicua,3,1
Achnanthes conspicua brevistriata,5,2
Achnanthes conspicua var. brevistriata,5,2
Achnanthes curtissima,3,1
Achnanthes danica,3,1
Achnanthes daonensis,3,1
Achnanthes daui var. daui,5,2
Achnanthes delicatula,5,2
Achnanthes delicatula ssp. engelbrechtii,5,2
Achnanthes delicatula ssp.delicatula,5,2
Achnanthes delicatula ssp.hauckiana,5,2
Achnanthes depressa,3,1
Achnanthes didyma,3,1
Achnanthes didyma fo. gibbosa,2,2
Achnanthes dispar,5,2
Achnanthes distincta,5,2
Achnanthes divergens,3,1
Achnanthes elegans,3,1
Achnanthes exigua var. exigua,2,2
Achnanthes exigua var. heterovalvata,2,2
Achnanthes exilis,2,2
Achnanthes expressa,3,1
Achnanthes fimbriata,3,1
Achnanthes fontana,3,1
Achnanthes fragilarioides,5,2
Achnanthes frigida,3,1
Achnanthes fugei,3,1
Achnanthes gessneri,3,1
Achnanthes gibberula,3,1
Achnanthes gracillima,5,2
Achnanthes grana,5,2
Achnanthes grischuna,3,1
Achnanthes grubei,2,2
Achnanthes hallandica,3,1
Achnanthes haynaldii,5,2
Achnanthes helvetica,3,1
Achnanthes heterovalvata,2,2
Achnanthes hintzii,3,1
Achnanthes holsatica,3,1
Achnanthes holstii,3,1
Achnanthes hungarica,3,1
Achnanthes hyperborea,3,1
Achnanthes imperfecta,4,1
Achnanthes impexa,5,1
Achnanthes impexiformis,4,1
Achnanthes inflata,3,1
Achnanthes ingratiformis,3,1
Achnanthes jakovljevicii,2,2
Achnanthes johncarteri,3,1
Achnanthes joursacense,5,2
Achnanthes kolbei,4,2
Achnanthes kranzii,2,2
Achnanthes kriegeri,3,1
Achnanthes kryophila,3,1
Achnanthes kryophila var. densestriata,2,2
Achnanthes kryophila var. protracta,3,1
Achnanthes kuelbsii,3,1
Achnanthes lacunarum var. lacunarum,3,1
Achnanthes lacus-vulcani,3,1
Achnanthes laevis var. austriaca,3,1
Achnanthes laevis var. diluviana,3,1
Achnanthes laevis var. laevis,3,1
Achnanthes laevis var. quadratarea,3,1
Achnanthes lanceolata bimaculata,5,2
Achnanthes lanceolata boyei,5,2
Achnanthes lanceolata fo. ventricosa,5,2
Achnanthes lanceolata var. bimaculata,5,2
Achnanthes lanceolata var. boyei,5,2
Achnanthes lanceolata var. capitata,5,2
Achnanthes lanceolata var. elliptica,5,2
Achnanthes lanceolata var. elliptico-lanceolata,5,2
Achnanthes lanceolata var. genuinum,5,2
Achnanthes lanceolata var. haynaldii,5,2
Achnanthes lanceolata var. lanceolata,5,2
Achnanthes lapidosa lanceolata,4,1
Achnanthes lapidosa var. lanceolata,4,1
Achnanthes lapidosa var. lapidosa,4,1
Achnanthes lapidosa var. subrostrata,4,1
Achnanthes laterostrata,4,2
Achnanthes latissima,3,1
Achnanthes lauenburgiana,4,2
Achnanthes lemmermannii,3,1
Achnanthes lemmermannii lineata,3,1
Achnanthes lemmermannii obtusa,3,1
Achnanthes lemmermannii var. lemmermannii,3,1
Achnanthes lemmermannii var. lineata,3,1
Achnanthes lemmermannii var. obtusa,3,1
Achnanthes levanderi,3,1
Achnanthes lewisiana,3,1
Achnanthes lilljeborgei,3,1
Achnanthes linearioides,2,2
Achnanthes linearis,2,2
Achnanthes linkei,2,2
Achnanthes lintonensis,3,1
Achnanthes longipes,3,1
Achnanthes lutheri,3,1
Achnanthes marginulata,3,1
Achnanthes microcephala,2,2
Achnanthes microcephala fo. scotica,2,2
Achnanthes minima,3,1
Achnanthes minuscula,3,1
Achnanthes minutissima-type,2,2
Achnanthes minutissima var. affinis,2,2
Achnanthes minutissima var. gracillima,2,2
Achnanthes minutissima var. inconspicua,2,2
Achnanthes minutissima var. jackii,2,2
Achnanthes minutissima var. macrocephala,2,2
Achnanthes minutissima var. minutissima,2,2
Achnanthes minutissima var. saprophila,2,2
Achnanthes minutissima var. scotica,2,2
Achnanthes montana var. montana,3,1
Achnanthes nathorstii,3,1
Achnanthes nodosa,2,2
Achnanthes nolli,4,1
Achnanthes obliqua,3,1
Achnanthes oblongella,1,2
Achnanthes oestrupi var. aperta,3,1
Achnanthes oestrupii var. oestrupii,5,2
Achnanthes oestrupii var. pungens,5,2
Achnanthes orientalis,3,1
Achnanthes parallela,2,2
Achnanthes parvula,3,1
Achnanthes peragalli,5,2
Achnanthes perfida,3,1
Achnanthes pericava,3,1
Achnanthes petersenii,2,2
Achnanthes pinnata,3,1
Achnanthes plana,3,1
Achnanthes ploenensis var. gessneri,4,2
Achnanthes ploenensis var. ploenensis,4,2
Achnanthes ploenensis var. woldstedtii,4,2
Achnanthes polaris,2,2
Achnanthes procera,2,2
Achnanthes pseudobliqua,3,1
Achnanthes pseudogroenlandica,3,1
Achnanthes pseudopunctulata,3,1
Achnanthes pseudoswazi,3,1
Achnanthes pseudotanensis,3,1
Achnanthes punctata,3,1
Achnanthes punctulata,3,1
Achnanthes pusilla,2,2
Achnanthes pusilla var. petersenii,2,2
Achnanthes pusilla var. procera,2,2
Achnanthes quadratarea,3,1
Achnanthes quadratarea var. fennica,3,1
Achnanthes rechtensis,3,1
Achnanthes recurvata,3,1
Achnanthes rosenstockii sinepuncta,2,2
Achnanthes rosenstockii var. rosenstockii,2,2
Achnanthes rosenstockii var. sinepuncta,2,2
Achnanthes rossii,3,1
Achnanthes rostellata,3,1
Achnanthes rostrata,3,1
Achnanthes rupestoides,3,1
Achnanthes rupestris,3,1
Achnanthes saccula,3,1
Achnanthes saxonica,3,1
Achnanthes schmidtiana,4,1
Achnanthes scotica,3,1
Achnanthes semiaperta,3,1
Achnanthes silvahercynia,3,1
Achnanthes similis,3,1
Achnanthes simplex,3,1
Achnanthes sonyda,2,2
Achnanthes sp.,3,1
Achnanthes stewartii,3,1
Achnanthes stolida,3,1
Achnanthes subatomoides,2,2
Achnanthes subexigua,3,1
Achnanthes sublaevis,3,1
Achnanthes submarina,3,1
Achnanthes subsalsa,3,1
Achnanthes subsalsoides,3,1
Achnanthes subsessilis,3,1
Achnanthes suchlandtii,3,1
Achnanthes suchlandtii var. robusta,3,1
Achnanthes taeniata,3,1
Achnanthes tenuis,3,1
Achnanthes thermalis var. thermalis,3,1
Achnanthes triconfusa,3,1
Achnanthes trinodis,3,1
Achnanthes umara,2,2
Achnanthes ventralis,3,1
Achnanthes ventralis crassa,3,1
Achnanthes ventralis var. crassa,3,1
Achnanthes wickenensis,3,1
Achnanthes ziegleri,3,1
Achnanthidium,2,2
Achnanthidium affine,2,2
Achnanthidium alteragracillima,2,2
Achnanthidium anastasiae,2,2
Achnanthidium biasolettianum,2,2
Achnanthidium bioretii,3,1
Achnanthidium caledonicum,2,2
Achnanthidium catenatum,2,2
Achnanthidium chlidanos,3,1
Achnanthidium clevei var. rostratum,4,2
Achnanthidium daonense,3,1
Achnanthidium duthii,4,3
Achnanthidium exiguum,2,2
Achnanthidium exiguum heterovalvata,2,2
Achnanthidium exiguum var. heterovalvum,2,2
Achnanthidium exile,2,2
Achnanthidium gracillimum,2,2
Achnanthidium helveticum,3,1
Achnanthidium jackii,2,2
Achnanthidium kenyae,3,1
Achnanthidium kranzii,2,2
Achnanthidium kriegeri,3,1
Achnanthidium lailae,2,2
Achnanthidium lauenburgianum,4,2
Achnanthidium lineare,2,2
Achnanthidium linearioides,2,2
Achnanthidium macrocephalum,2,2
Achnanthidium maximum,2,2
Achnanthidium microcephalum,2,2
Achnanthidium minutissima var. affinis,2,2
Achnanthidium minutissimum,2,2
Achnanthidium minutissimum fo. inconspicuum,2,2
Achnanthidium minutissimum inconspicuum,2,2
Achnanthidium minutissimum jackii,2,2
Achnanthidium minutissimum var. inconspicuum,2,2
Achnanthidium minutissimum var. scoticum,2,2
Achnanthidium neomicrocephalum,2,2
Achnanthidium nodosum,2,2
Achnanthidium petersenii,2,2
Achnanthidium pusillum,3,1
Achnanthidium pyrenaicum,2,2
Achnanthidium rosenstockianum,2,2
Achnanthidium rosenstockii,2,2
Achnanthidium saprophilum,2,2
Achnanthidium sp.,2,2
Achnanthidium standeri,2,2
Achnanthidium strenzkei,5,1
Achnanthidium subatomoides,2,2
Achnanthidium subatomus,2,2
Achnanthidium subsalsum,3,1
Achnanthidium thienemannii,2,2
Achnanthidium trinode,3,1
Adlafia aquaeductae,4,1
Adlafia brockmanni,3,1
Adlafia brockmannii,3,1
Adlafia bryophila,4,1
Adlafia detenta,4,1
Adlafia minuscula,5,1
Adlafia minuscula muralis,5,1
Adlafia minuscula var. muralis,5,1
Adlafia suchlandtii,4,1
Alveus marinus,4,1
Amphipleura,1,3
Amphipleura kriegeriana,1,3
Amphipleura lindheimeri,1,3
Amphipleura pellucida,1,3
Amphipleura rutilans,1,3
Amphipleura sp.,1,3
Amphora aequalis,5,1
Amphora arenaria donkinii,5,1
Amphora arenaria rattrayi,5,1
Amphora arenaria var. donkinii,5,1
Amphora arenaria var. rattrayi,5,1
Amphora arenicola minor,5,1
Amphora arenicola oculata,5,1
Amphora arenicola var. minor,5,1
Amphora arenicola var. oculata,5,1
Amphora calumetica,5,1
Amphora coffaeformis var. angularis,5,1
Amphora coffaeformis var. borealis,5,1
Amphora coffeaeformis var. acutiuscula,5,1
Amphora coffeaeformis var. aponina,5,1
Amphora coffeaeformis var. coffeaeformis,5,1
Amphora cuneata,5,1
Amphora delicatissima,5,1
Amphora dubia,5,1
Amphora dusenii,5,1
Amphora elegans,5,1
Amphora elliptica,5,1
Amphora eunotia,5,1
Amphora exigua,5,1
Amphora eximia,5,1
Amphora extensa,5,1
Amphora fluminensis,5,1
Amphora fogediana,5,1
Amphora genkalii,5,1
Amphora globulosa,5,1
Amphora globulosa var. perpusilla,5,2
Amphora gracilis,5,2
Amphora gregoryi,5,1
Amphora holsatica,5,1
Amphora inariensis,5,1
Amphora laevis var. laevissima,5,1
Amphora laevissima,5,1
Amphora levenensis,5,1
Amphora libyca,5,1
Amphora linearis,5,1
Amphora lineolata,5,1
Amphora longa,5,1
Amphora lyrata,5,1
Amphora macilenta,5,1
Amphora macilenta var. ergadensis,5,1
Amphora milesiana,5,1
Amphora mongolica var. cornuta fo. interrupta,5,1
Amphora monilifera,5,1
Amphora montana,5,1
Amphora normanii,5,1
Amphora oblonga,5,1
Amphora obtusa rectangulata,5,1
Amphora obtusa var. rectangulata,5,1
Amphora oligotraphenta,5,1
Amphora ovalis gracilis,5,2
Amphora ovalis var. ovalis,5,1
Amphora pediculus,5,1
Amphora praelata,5,1
Amphora proboscidea,5,1
Amphora pseudohyalina,5,1
Amphora pulchella,5,1
Amphora pusilla,5,1
Amphora pusio,5,1
Amphora scala,4,1
Amphora species,5,1
Amphora spitzbergenensis,5,1
Amphora sulcata,5,1
Amphora terroris,5,1
Amphora thumensis,5,1
Amphora truncata,5,1
Amphora veneta,5,1
Amphora veneta var. capitata,5,1
Amphora ventricosa,5,1
Amphorotia clevei,1,3
Amphorotia curvata,1,3
Aneumastus,4,1
Aneumastus aratus,4,1
Aneumastus carolinianus,4,1
Aneumastus laetus,4,1
Aneumastus minor,4,1
Aneumastus pseudotuscula,4,1
Aneumastus rosettae,4,1
Aneumastus rostratus,4,1
Aneumastus sp.,4,1
Aneumastus stroesei,4,1
Aneumastus stroesei lanceolata,4,1
Aneumastus tusculoides,4,1
Aneumastus tusculus,4,1
Aneumastus tusculus capitatus,4,1
Aneumastus tusculus fo. obtusum,4,1
Aneumastus tusculus fo. rostrata,4,1
Anomoeoneis,4,1
Anomoeoneis brachysira var. zellensis,1,3
Anomoeoneis costata,4,1
Anomoeoneis exellii,4,1
Anomoeoneis sp.,4,1
Anomoeoneis sphaerophora,4,1
Anomoeoneis sphaerophora fo. costata,4,1
Anomoeoneis sphaerophora fo. sculpta,4,1
Anomoeoneis sphaerophora var.sculpta,4,1
Anomoeoneis variabilis,1,3
Anomoeoneis vitrea,1,3
Arcuatasigma closterioides,5,2
Ardissonea crystallina,4,1
Ardissonea formosa,4,1
Ardissonea fulgens,4,1
Ardissonea robusta,4,1
Astartiella bahusiensis,5,1
Astartiella bremeyeri,3,1
Astartiella punctifera,3,1
Auricula holsatica,1,1
Austariella jamalinensis,4,1
Bacillaria,4,1
Bacillaria amphibia,4,1
Bacillaria amphibia var. frauenfeldii,4,1
Bacillaria obtusa,4,1
Bacillaria paradoxa,4,1
Bacillaria paxillifera,4,1
Bacillaria paxillifera var. paxillifera,4,1
Bacillaria socialis,4,1
Bacillaria socialis baltica,4,1
Bacillaria sp.,4,1
Bacillaria spectabilis,4,1
Bacillaria subtilis,4,1
Belonastrum berolinense,4,1
Belonastrum berolinensis,4,1
Berkeleya rutilans,1,3
Biremis ambigua,1,3
Biremis fritschii,1,3
Biremis lucens,4,1
Boreozonacola olympica,4,1
Brachysira,1,3
Brachysira acutissima,4,1
Brachysira aponina,1,3
Brachysira atacamae,1,3
Brachysira brebissonii fo. thermalis,1,3
Brachysira brebissonii ssp. brebissonii,1,3
Brachysira charlesreimeri fo. undulata,1,3
Brachysira follis,1,3
Brachysira longirostris,1,3
Brachysira microcephala,4,1
Brachysira rhomboides,1,3
Brachysira serians fo. undulata,1,3
Brachysira sp.,1,3
Brachysira styriaca,1,3
Brachysira vitrea,1,3
Brachysira zellensis,1,3
Brachysira zellensis fo. difficilis,1,3
Caloneis aerophila,3,1
Caloneis alpestris,3,1
Caloneis alpestris lanceolata,3,1
Caloneis alpestris var. lanceolata,3,1
Caloneis amphisbaena aequata,3,1
Caloneis amphisbaena fo. amphisbaena,3,1
Caloneis amphisbaena subsalina,3,1
Caloneis amphisbaena var. aequata,3,1
Caloneis amphisbaena var. fenzlii,3,1
Caloneis amphisbaena var. liburnica,3,1
Caloneis bacillaris,3,1
Caloneis bacillaris var. thermalis,3,1
Caloneis bacillum,3,1
Caloneis bacillum fontinalis,4,1
Caloneis bacillum var. fasciata,3,1
Caloneis bacillum var. lancettula,3,1
Caloneis backmanii,3,1
Caloneis backmanii fo. fasciata,3,1
Caloneis borealis,3,1
Caloneis branderi,5,2
Caloneis branderii,3,1
Caloneis budensis,3,1
Caloneis clevei,3,1
Caloneis continua,3,1
Caloneis crassa,3,1
Caloneis densestriata,3,1
Caloneis dubia,3,1
Caloneis fasciata,3,1
Caloneis fasciata var. fonticola,3,1
Caloneis fenzlii,3,1
Caloneis fusioides,3,1
Caloneis fusus,3,1
Caloneis hebes,3,1
Caloneis hendeyi,5,2
Caloneis hustedtii,3,1
Caloneis hyalina,3,1
Caloneis lagerstedtii,3,1
Caloneis lancettula,3,1
Caloneis latiuscula,3,1
Caloneis lauta,3,1
Caloneis lepidula,3,1
Caloneis leptosoma,1,3
Caloneis limosa,3,1
Caloneis limosa var. lancettula,3,1
Caloneis macedonica,3,1
Caloneis minuta,3,1
Caloneis molaris,3,1
Caloneis obtusa,3,1
Caloneis opulenta,2,3
Caloneis oregonica,3,1
Caloneis perlepida,3,1
Caloneis permagna,3,1
Caloneis pulchra,3,1
Caloneis schroederi,3,1
Caloneis schumanniana,3,1
Caloneis silicula,3,1
Caloneis silicula alpina,3,1
Caloneis silicula fo. peisonis,3,1
Caloneis silicula fo.alpina,3,1
Caloneis silicula var. alpina,3,1
Caloneis silicula var. minuta,3,1
Caloneis silicula var. patagonica,3,1
Caloneis silicula var. truncatula,3,1
Caloneis species,3,1
Caloneis sublinearis,3,1
Caloneis subpatagonica,3,1
Caloneis subsalina,3,1
Caloneis tenuis,1,3
Caloneis thermalis,3,1
Caloneis trinodis (lewis),3,1
Caloneis ventricosa truncatula,3,1
Caloneis ventricosa var. alpina,3,1
Caloneis ventricosa var. minuta,3,1
Caloneis ventricosa var. truncatula,3,1
Caloneis westii,3,1
Caloneis westii var. rostrata,3,1
Campylodiscus neofastuosus,3,1
Carinasigma angustatum,5,2
Cavinula,4,1
Cavinula cocconeiformis,4,1
Cavinula cocconeiformis var. parva,4,1
Cavinula jaernefeltii,4,1
Cavinula lacustris,4,1
Cavinula lapidosa,4,1
Cavinula mollicula,4,1
Cavinula pseudoscutiformis,4,1
Cavinula pusio,4,1
Cavinula scutelloides,4,1
Cavinula sp.,4,1
Cavinula thoroddsenii,4,1
Centronella reicheltii,1,3
Ceratoneis arcus,1,3
Ceratoneis arcus var. amphioxys,1,3
Ceratoneis closterium,4,1
Chamaepinnularia aliena,3,1
Chamaepinnularia begeri,5,1
Chamaepinnularia bremensis,4,1
Chamaepinnularia calida,4,1
Chamaepinnularia clamans,4,1
Chamaepinnularia evanida,5,1
Chamaepinnularia hassiaca,5,1
Chamaepinnularia krookii,1,3
Chamaepinnularia mediocris,5,1
Chamaepinnularia muscicola,5,1
Chamaepinnularia obsoleta,5,1
Chamaepinnularia parsura,5,1
Chamaepinnularia perfidissima,3,1
Chamaepinnularia rexii,5,1
Chamaepinnularia soehrensis,5,1
Chamaepinnularia soehrensis capitata,5,1
Chamaepinnularia soehrensis var. capitata,5,1
Chamaepinnularia soehrensis var. hassiaca,5,1
Chamaepinnularia soehrensis var. muscicola,5,1
Chamaepinnularia submuscicola,4,1
Chamaepinnularia ventosa,4,1
Climaconeis fasciculata,3,1
Cocconeiopsis fraudulenta,4,1
Cocconeiopsis wrightii,4,1
Cocconeis,2,2
Cocconeis costata var. pacifica,2,2
Cocconeis disculus var. diminuta,2,2
Cocconeis diversa,2,2
Cocconeis euglypta,3,2
Cocconeis hustedtii,2,2
Cocconeis japonica,2,2
Cocconeis lyra,2,2
Cocconeis maxima,2,2
Cocconeis molesta amygdalina,2,2
Cocconeis molesta var. amygdalina,2,2
Cocconeis neodiminuta,2,2
Cocconeis neothumensis,2,2
Cocconeis pediculus,4,2
Cocconeis pellucida,2,2
Cocconeis peltoides,2,2
Cocconeis placentula euglypta,3,2
Cocconeis placentula intermedia,3,2
Cocconeis placentula placentula,3,2
Cocconeis placentula rouxii,3,2
Cocconeis placentula tenuistriata,3,2
Cocconeis placentula var. euglypta,3,2
Cocconeis placentula var. intermedia,3,2
Cocconeis placentula var. klinoraphis,3,2
Cocconeis placentula var. lineata,3,2
Cocconeis placentula var. placentula,3,2
Cocconeis placentula var. pseudolineata,3,2
Cocconeis placentula var. rouxii,3,2
Cocconeis placentula var. tenuistriata,3,2
Cocconeis pseudolineata,3,2
Cocconeis pseudothumensis,2,2
Cocconeis rouxii,3,2
Cocconeis rugosa,2,2
Cocconeis scutellum,2,2
Cocconeis scutellum minutissima,2,2
Cocconeis scutellum scutellum,2,2
Cocconeis scutellum var. ampliata,2,2
Cocconeis scutellum var. japonica,2,2
Cocconeis scutellum var. minutissima,2,2
Cocconeis scutellum var. ornata,2,2
Cocconeis scutellum var. scutellum,2,2
Cocconeis scutellum var. tiligulicus,7,0
Cocconeis sp.,2,2
Cocconeis speciosa,2,2
Cocconeis tenuis,2,2
Cocconeis thienemannii,2,2
Cocconeis utermoehlii,3,1
Cosmarium bissetii,3,1
Cosmioneis,4,1
Cosmioneis brasiliana,4,1
Cosmioneis citriformis,4,1
Cosmioneis delawarensis,4,1
Cosmioneis eta,4,1
Cosmioneis grossepunctata,4,1
Cosmioneis hawaiiensis,4,1
Cosmioneis lundstroemii,4,1
Cosmioneis lundstroemii var. dialata,4,1
Cosmioneis lundstroemii var. granulata,4,1
Cosmioneis lundstroemii var. seductilis,4,1
Cosmioneis pusilla,4,1
Cosmioneis reimeri,4,1
Cosmioneis sp.,4,1
Craspedopleura kryophila,4,1
Craspedostauros amphoroides,5,2
Craspedostauros decipiens,5,2
Craticula accomoda,4,1
Craticula accomodiformis,4,1
Craticula ambigua,4,1
Craticula buderi,4,1
Craticula citrus,4,1
Craticula cuspidata,4,1
Craticula cuspidata heribaudii,4,1
Craticula cuspidata var. heribaudii,4,1
Craticula glaberrima,2,3
Craticula halophila,4,1
Craticula halophila fo. robusta,4,1
Craticula halophila fo. tenuirostris,4,1
Craticula halophilioides,4,1
Craticula minusculoides,4,1
Craticula molestiformis,4,1
Craticula perrotettii,4,1
Craticula riparia,4,1
Craticula riparia mollenhaueri,4,1
Craticula riparia var. mollenhaueri,4,1
Craticula riparia var. riparia,4,1
Craticula simplex,4,1
Craticula species,4,1
Craticula subhalophila,4,1
Craticula subminuscula,5,1
Craticula submolesta,5,1
Craticula vixnegligenda,4,1
Craticula vixvisibilis,4,1
Craticula vixvisibilis distinctior,4,1
Craticula vixvisibilis var. distinctior,4,1
Crenotia gibberula,3,1
Ctenophora,2,1
Ctenophora pulchella,2,1
Ctenophora pulchella lanceolata,2,1
Ctenophora pulchella var. lanceolata,2,1
Ctenophora sp.,2,1
Cylindrotheca closterium,4,1
Cymatopleura,4,1
Cymatopleura apiculata,4,1
Cymatopleura brunii,4,1
Cymatopleura elliptica fo. apiculata,4,1
Cymatopleura elliptica var. brunii,4,1
Cymatopleura elliptica var. constricta,4,1
Cymatopleura elliptica var. elliptica,4,1
Cymatopleura elliptica var. hibernica,4,1
Cymatopleura elliptica var. nobilis,4,1
Cymatopleura elliptica var. turicensis,4,1
Cymatopleura librile,4,1
Cymatopleura librile var. apiculata,4,1
Cymatopleura solea,4,1
Cymatopleura solea var. apiculata,4,1
Cymatopleura sp.,4,1
Cymatopleura turicensis,4,1
Cymbella acutiuscula,2,1
Cymbella acutiuscula minor,2,1
Cymbella acutiuscula var. minor,2,1
Cymbella aequalis,2,1
Cymbella affinis var. affinis,1,3
Cymbella amphicephala,2,1
Cymbella amphicephala var. citrus,2,1
Cymbella amphicephala var. hercynica,2,1
Cymbella amphioxys,2,1
Cymbella angustata,2,1
Cymbella aspera,4,2
Cymbella aspera gigas,4,2
Cymbella aspera incerta,4,2
Cymbella aspera minor,4,2
Cymbella aspera var. gigas,4,2
Cymbella aspera var. incerta,4,2
Cymbella aspera var. minor,4,2
Cymbella austriaca,2,1
Cymbella austriaca erdobenyiana,2,1
Cymbella austriaca var. erdoebenyiana,2,1
Cymbella balatonis,2,1
Cymbella bernensis,2,1
Cymbella bipartita,2,1
Cymbella borealis,2,1
Cymbella braunii,2,1
Cymbella broenlundensis,2,1
Cymbella budayiana,2,1
Cymbella caespitosa,2,1
Cymbella cesatii,2,1
Cymbella cesatii capitata,2,1
Cymbella cesatii var. capitata,2,1
Cymbella cistula,4,2
Cymbella cistula var. maculata,4,2
Cymbella citrus,2,1
Cymbella compacta,2,1
Cymbella cornuta,2,1
Cymbella cucumis,2,1
Cymbella cuspidata,2,1
Cymbella cymbiformis,2,1
Cymbella cymbiformis nonpunctata,2,1
Cymbella cymbiformis var. nonpunctata,2,1
Cymbella delicatula,1,3
Cymbella descripta,2,1
Cymbella designata,2,1
Cymbella diavola,2,1
Cymbella diluviana,2,1
Cymbella dorsenotata,2,1
Cymbella ehrenbergii,4,2
Cymbella erdoebenyiana,2,1
Cymbella falaisensis,2,1
Cymbella falaisensis var. lanceola,2,1
Cymbella gaeumannii,2,1
Cymbella gracilis,2,1
Cymbella hauckii,2,1
Cymbella helmckei,2,1
Cymbella helvetica,2,1
Cymbella helvetica gracilis,2,1
Cymbella helvetica var. compacta,2,1
Cymbella helvetica var. gracilis,2,1
Cymbella heterogibbosa,4,2
Cymbella heteropleura,4,2
Cymbella hillardii,2,1
Cymbella hungarica,2,1
Cymbella hustedtii var. hustedtii,2,1
Cymbella hybrida,2,1
Cymbella hybrida var. lanceolata,2,1
Cymbella hybridiformis,2,1
Cymbella incerta,2,1
Cymbella incerta var. crassipunctata,2,1
Cymbella ineaqualis,2,1
Cymbella javanica,2,1
Cymbella juriljii,2,1
Cymbella laevis var. laevis,2,1
Cymbella lanceolata cornuta,2,1
Cymbella lanceolata var. bottnica,4,2
Cymbella lanceolata var. lanceolata,4,2
Cymbella lancettula,2,1
Cymbella lange-bertalotii,2,1
Cymbella lapponica,2,1
Cymbella large forms,4,2
Cymbella lata,4,2
Cymbella leptoceros,2,1
Cymbella leptoceros var. angusta,2,1
Cymbella leptoceros var. excisa,2,1
Cymbella linearis,2,1
Cymbella magna,2,1
Cymbella microcephala,1,2
Cymbella microcephala fo. robusta,1,2
Cymbella microcephala fo. subrostrata,0,5
Cymbella minuta,3,2
Cymbella moelleriana,2,1
Cymbella naviculacea,2,1
Cymbella naviculiformis,2,1
Cymbella neglecta,2,1
Cymbella neoleptoceros,2,1
Cymbella norvegica,2,1
Cymbella obtusa,2,1
Cymbella obtusiuscula,2,1
Cymbella parva,2,1
Cymbella paucistriata,2,1
Cymbella perpusilla,2,1
Cymbella perpusilla var. striatior,2,1
Cymbella pisciculus,2,1
Cymbella pisciculus var. incerta,2,1
Cymbella proxima var. proxima,2,1
Cymbella pseudonorvegica,2,1
Cymbella pusilla,2,1
Cymbella rainierensis,2,1
Cymbella reinhardtii,2,1
Cymbella rugosa,2,1
Cymbella rupicola,2,1
Cymbella rupicola rostrata,2,1
Cymbella rupicola var. rostrata,2,1
Cymbella schimanskii var. schimanskii,4,2
Cymbella scotica,2,1
Cymbella scotica var. naviculacea,2,1
Cymbella semisymmetrica,2,1
Cymbella silesiaca,3,2
Cymbella similis,2,1
Cymbella sinuata,4,3
Cymbella sinuata var. capitata,4,3
Cymbella sinuata var. ovata,4,3
Cymbella species,2,1
Cymbella sphaerophora,2,1
Cymbella stauroneiformis,2,1
Cymbella subaequalis,2,1
Cymbella subaspera var. subaspera,4,2
Cymbella subcuspidata,2,1
Cymbella subturgida,2,1
Cymbella suecica,2,1
Cymbella symmetrica,2,1
Cymbella tenuissima,2,1
Cymbella thumensis,2,1
Cymbella tumida,4,2
Cymbella tumida fossilis,4,2
Cymbella tumida var. borealis,4,2
Cymbella tumida var. fossilis,4,2
Cymbella tumidula,2,1
Cymbella tumidula angustata,2,1
Cymbella tumidula var. lancettula,2,1
Cymbella turgida,2,1
Cymbella turgidula var. turgidula,2,1
Cymbella tynnii,2,1
Cymbella ulensis,3,1
Cymbellafalsa diluviana,2,1
Cymbopleura acutiuscula,2,1
Cymbopleura amphicephala,2,1
Cymbopleura angustata,2,1
Cymbopleura angustata var. angustata,2,1
Cymbopleura austriaca,2,1
Cymbopleura broenlundensis,2,1
Cymbopleura budayana,2,1
Cymbopleura citrus,2,1
Cymbopleura cuspidata,2,1
Cymbopleura designata,2,1
Cymbopleura hauckii,2,1
Cymbopleura hercynica,2,1
Cymbopleura heteropleura,4,2
Cymbopleura hustedtii,2,1
Cymbopleura hybrida,2,1
Cymbopleura hybrida var. hybrida,2,1
Cymbopleura inaequalis,2,1
Cymbopleura incerta,2,1
Cymbopleura incerta var. incerta,2,1
Cymbopleura incertiformis crassipunctata,2,1
Cymbopleura incertiformis var. crassipunctata,2,1
Cymbopleura lanceolata,2,1
Cymbopleura lapponica,2,1
Cymbopleura lata var. lata,4,2
Cymbopleura magna,2,1
Cymbopleura naviculiformis,2,1
Cymbopleura naviculiformis var. naviculiformis,2,1
Cymbopleura rainierensis,2,1
Cymbopleura reinhardtii,2,1
Cymbopleura rhomboidea angusta,4,1
Cymbopleura rhomboidea var. angusta,4,1
Cymbopleura rupicola,2,1
Cymbopleura rupicola var. rupicola,2,1
Cymbopleura similis,2,1
Cymbopleura stauroneiformis,2,1
Cymbopleura subaequalis,2,1
Cymbopleura subaequalis var. subaequalis,2,1
Cymbopleura subcuspidata,2,1
Cymbopleura tynnii,2,1
Decussata placenta var. placenta,4,1
Decussiphycus placenta,4,1
Delicata delicatula var. delicatula,1,3
Delicatophycus delicatulus,1,3
Denticula creticola,4,1
Denticula kuetzingii rumrichiae,2,2
Denticula kuetzingii var. kuetzingii,2,2
Denticula kuetzingii var. rumrichae,2,2
Denticula tenuis,2,2
Denticula tenuis crassula,2,2
Denticula tenuis frigida,2,2
Denticula tenuis var. crassula,2,2
Denticula tenuis var. frigida,2,2
Diadesmis aerophila,5,1
Diadesmis andegavensis,5,1
Diadesmis arcuata,5,1
Diadesmis biceps,5,1
Diadesmis brekkaensis,5,1
Diadesmis brekkaensoides,5,1
Diadesmis confervacea,5,1
Diadesmis confervacea nipponica,5,1
Diadesmis confervacea var. confervacea,5,1
Diadesmis confervacea var. nipponica,5,1
Diadesmis contenta,5,1
Diadesmis contenta biceps,5,1
Diadesmis contenta fo. parallela,5,1
Diadesmis contenta var. biceps,5,1
Diadesmis contenta var.parallela,5,1
Diadesmis gallica,5,1
Diadesmis gallica var. perpusilla,5,1
Diadesmis laevissima,5,1
Diadesmis perpusilla,5,1
Diadesmis species,5,1
Diatoma,2,1
Diatoma anceps,2,1
Diatoma anceps linearis,2,1
Diatoma anceps var. linearis,2,1
Diatoma ehrenbergii,2,1
Diatoma ehrenbergii fo. capitulata,5,3
Diatoma hiemale var. quadratum,2,1
Diatoma hyemalis var. hyemalis,2,1
Diatoma hyemalis var. maxima,2,1
Diatoma maxima,2,1
Diatoma mesodon,2,2
Diatoma moniliformis (moniliforme),3,1
Diatoma moniliformis ovalis,5,3
Diatoma moniliformis ssp.ovalis,3,1
Diatoma sp.,2,1
Diatoma tenue,2,2
Diatoma tenue var. elongatum,2,2
Diatoma tenuis var.moniliformis,3,1
Diatoma vitrea,2,1
Diatoma vulgaris,5,3
Diatoma vulgaris fo.,5,3
Diatoma vulgaris fo. breve,5,3
Diatoma vulgaris fo. constricta,5,3
Diatoma vulgaris grandis,5,3
Diatoma vulgaris linearis,5,3
Diatoma vulgaris morphotype brevis,5,3
Diatoma vulgaris morphotype capitulata,5,3
Diatoma vulgaris morphotype producta,5,3
Diatoma vulgaris var. grandis,5,3
Diatoma vulgaris var. linearis,5,3
Diatoma vulgaris var. ovalis,5,3
Dickieia soodensis,5,1
Dickieia subinflata,4,1
Dickieia ulvacea,4,1
Didymosphenia,2,3
Didymosphenia geminata morphotyp geminata,2,3
Didymosphenia sp.,2,3
Diploneis adonis var. oamaruensis,1,1
Diploneis advena,1,1
Diploneis advena var. sansegana,1,1
Diploneis aestiva,1,1
Diploneis aestiva delicata,1,1
Diploneis aestiva var. delicata,1,1
Diploneis aestiva var. fusca,1,1
Diploneis aestuari,1,1
Diploneis aestuarii,1,1
Diploneis alpina,1,1
Diploneis boldtiana,1,1
Diploneis bomboides,1,1
Diploneis bombus,1,1
Diploneis bombus bombiformis,1,1
Diploneis bombus var. bombiformis,1,1
Diploneis bombus var. egena,1,1
Diploneis burgitensis,1,1
Diploneis burgitensis fo. burgitensis,1,1
Diploneis burgitensis fo. linearis,1,1
Diploneis burgitensis var. alpina,1,1
Diploneis chilensis,1,1
Diploneis coffaeiformis,1,1
Diploneis confecta,1,1
Diploneis cynthia,1,1
Diploneis decipiens,1,1
Diploneis dilatata,1,1
Diploneis divergens,1,1
Diploneis domblittensis fo. alpina,1,1
Diploneis domblittensis var. subconstricta,1,1
Diploneis elliptica,1,1
Diploneis elliptica ladogensis,1,1
Diploneis elliptica var. ladogensis,1,1
Diploneis elliptica var. ostracodarum,1,1
Diploneis entomon,1,1
Diploneis finnica,1,1
Diploneis fusca,1,1
Diploneis fusca var. aestiva,1,1
Diploneis graeffi,1,1
Diploneis incurvata,2,3
Diploneis litoralis var. clathrata,1,3
Diploneis marginestriata,1,1
Diploneis mediterranea,1,1
Diploneis minuta,1,1
Diploneis modica,1,1
Diploneis nitescens candida,1,1
Diploneis nitescens var. candida,1,1
Diploneis oamaruensis,1,1
Diploneis oblongella,1,1
Diploneis oblongella gibbosa,1,1
Diploneis oblongella var. gibbosa,1,1
Diploneis oculata,1,1
Diploneis ostracodarum,1,1
Diploneis ovalis,1,1
Diploneis papula constricta,1,1
Diploneis papula var. constricta,1,1
Diploneis papula var. papula,1,1
Diploneis parca,1,1
Diploneis parma,1,1
Diploneis peterseni,1,1
Diploneis pfitzeriana,1,1
Diploneis pseudovalis,1,1
Diploneis puella,1,1
Diploneis smithii recta,1,1
Diploneis smithii var. chilensis,1,1
Diploneis smithii var. dilatata,1,1
Diploneis smithii var. laevis,1,1
Diploneis smithii var. pumila,1,1
Diploneis smithii var. recta,1,1
Diploneis smithii var. rhombica,1,1
Diploneis smithii var. smithii,1,1
Diploneis sp..,1,1
Diploneis splendida,1,1
Diploneis subcincta,1,1
Diploneis subconstricta,1,1
Diploneis suborbicularis constricta,1,1
Diploneis suborbicularis intermedia,1,1
Diploneis suborbicularis var. constricta,1,1
Diploneis suborbicularis var. suborbicularis,1,1
Diploneis subovalis,1,1
Diploneis vacillans,1,1
Diploneis vacillans delicatula,1,1
Diploneis vacillans minuta,1,1
Diploneis vacillans var. delicatula,1,1
Diploneis vacillans var. minuta,1,1
Diploneis vacillans var. vacillans,1,1
Diploneis vetula,1,1
Discostella elentarii,2,3
Distrionella incognita,2,1
Dorofeyukea grimmei,4,1
Dorofeyukea kotschyi,4,1
Dorofeyukea tenuipunctata,4,1
Dorofeyukea texana,4,1
Ellerbeckia,4,2
Ellerbeckia arenaria,4,2
Ellerbeckia arenaria fo. teres,4,2
Ellerbeckia kochii,4,2
Ellerbeckia sp.,4,2
Encyonema alpinum,2,1
Encyonema braunii,2,1
Encyonema brehmii,2,1
Encyonema caespitosum var. caespitosum,2,1
Encyonema elginense,2,1
Encyonema formosum,2,1
Encyonema gaeumannii,2,1
Encyonema gracile,2,1
Encyonema grossestriatum,2,1
Encyonema hebridicum,2,1
Encyonema hilliardii,2,1
Encyonema javanicum,2,1
Encyonema juriljii,2,1
Encyonema kalbei,2,1
Encyonema lacustre,2,1
Encyonema lapponicum,2,1
Encyonema latens,2,1
Encyonema leibleinii,2,1
Encyonema lunatum,2,1
Encyonema mesianum,2,1
Encyonema minutum,3,2
Encyonema minutum/silesiacum type,3,2
Encyonema muelleri,2,1
Encyonema neogracile,2,1
Encyonema neosubturgidum,2,1
Encyonema norvegicum,2,1
Encyonema obscurum alpinum,2,1
Encyonema obscurum var. alpina,2,1
Encyonema paucistriatum,2,1
Encyonema perpusillum,2,1
Encyonema perpusillum var. striator,2,1
Encyonema prostratum,2,1
Encyonema reimeri,2,1
Encyonema rugosum,2,1
Encyonema silesiacum,3,2
Encyonema species,2,1
Encyonema stoermeri,2,1
Encyonema subalpinum,2,1
Encyonema subturgidum,2,1
Encyonema temperei,2,1
Encyonema tenuissimum,2,1
Encyonema triangulum,2,1
Encyonema turgidum,2,1
Encyonopsis aequalis,2,1
Encyonopsis amphioxys,2,1
Encyonopsis braunii,2,1
Encyonopsis cesatii,2,1
Encyonopsis descripta,2,1
Encyonopsis falaisensiformis,2,1
Encyonopsis falaisensis,2,1
Encyonopsis lanceola,2,1
Encyonopsis mendosa,2,1
Encyonopsis microcephala,1,2
Encyonopsis microcephala var. robusta,1,2
Encyonopsis naviculacea,2,1
Encyonopsis neoamphioxys,2,1
Encyonopsis robusta,1,2
Eolimna aboensis,4,1
Eolimna becaresii,5,1
Eolimna comperei,5,1
Eolimna minima,5,1
Eolimna muraloides,5,1
Eolimna rotunda,4,1
Eolimna subadnata,5,1
Eolimna subminuscula,5,1
Eolimna submuralis,5,1
Eolimna tantula,4,1
Eolimna utermoehlii,4,1
Epithemia adnata,1,2
Epithemia adnata saxonica,1,2
Epithemia adnata var. porcellus,1,2
Epithemia adnata var. proboscidea,1,2
Epithemia adnata var. saxonica,1,2
Epithemia arguiformis,1,2
Epithemia argus,1,2
Epithemia argus alpestris,1,2
Epithemia argus longicornis,1,2
Epithemia argus var. alpestris,1,2
Epithemia argus var. argus,1,2
Epithemia argus var. longicornis,1,2
Epithemia cistula,1,2
Epithemia frickei,1,2
Epithemia goeppertiana,1,2
Epithemia hyndmanii,1,2
Epithemia muelleri,1,2
Epithemia ocellata,1,2
Epithemia operculata,1,1
Epithemia pacifica,3,1
Epithemia parallela,1,1
Epithemia porcellus,1,2
Epithemia proboscidea,1,2
Epithemia reicheltii,1,2
Epithemia smithii,1,2
Epithemia sorex,1,2
Epithemia sorex gracilis,1,2
Epithemia sorex var. gracilis,1,2
Epithemia species,1,2
Epithemia turgida capitata,1,2
Epithemia turgida granulata,1,2
Epithemia turgida var. capitata,1,2
Epithemia turgida var. granulata,1,2
Epithemia turgida var. turgida,1,2
Epithemia turgida var. westermannii,1,2
Epithemia turgida westermannii,1,2
Epithemia zebra var. intermedia,1,2
Epithemia zebra var. porcellus,1,2
Epithemia zebra var. proboscidea,1,2
Eucocconeis alpestris,3,1
Eucocconeis austriaca,3,1
Eucocconeis depressa,3,1
Eucocconeis diluviana,3,1
Eucocconeis flexella,3,1
Eucocconeis laevis,3,1
Eucocconeis ninckei,1,3
Eucocconeis quadratarea,3,1
Eucocconeis species,3,1
Eunotia,1,3
Eunotia acmocephala,1,3
Eunotia ambivalens,1,3
Eunotia angusta,1,3
Eunotia arcofallax,1,3
Eunotia arctica,1,3
Eunotia arcubus,1,3
Eunotia arcubus bidens,1,3
Eunotia arculus,1,3
Eunotia arcuoides,1,3
Eunotia arcus arcus,1,3
Eunotia arcus fallax,1,3
Eunotia arcus uncinata,1,3
Eunotia arcus var. arcus,1,3
Eunotia arcus var. bidens,1,3
Eunotia arcus var. fallax,1,3
Eunotia arcus var. uncinata,1,3
Eunotia bactriana,1,3
Eunotia bidens,1,3
Eunotia bidentula,1,3
Eunotia bidentuloides,1,3
Eunotia bigibba,1,3
Eunotia bigibba pumila,1,3
Eunotia bigibba var. pumila,1,3
Eunotia bilunaris,1,3
Eunotia bilunaris var. bilunaris,1,3
Eunotia bilunaris var. linearis,1,3
Eunotia bilunaris var. mucophila,1,3
Eunotia botuliformis,1,3
Eunotia braunii,2,1
Eunotia cantica,1,3
Eunotia clevei,1,3
Eunotia conversa,3,1
Eunotia crista-galli,1,3
Eunotia cristagalli,1,3
Eunotia curtagrunowii,1,3
Eunotia curvata,1,3
Eunotia curvata var. capitata,1,3
Eunotia curvata var. linearis,1,3
Eunotia curvata var. sicula,1,3
Eunotia curvata var. subarcuata,1,3
Eunotia daisetsuensis,2,1
Eunotia denticulata,1,3
Eunotia denticulata var. fennica,1,3
Eunotia diadema,1,3
Eunotia diodon,1,3
Eunotia elegans,1,3
Eunotia emedii,1,3
Eunotia eruca,1,3
Eunotia eruca var. sibirica,1,3
Eunotia eurycephala,1,3
Eunotia excelsa,1,3
Eunotia exgracilis,1,3
Eunotia exigua,1,3
Eunotia exigua var. bidens fo. linearis,1,3
Eunotia exigua var. tenella,1,3
Eunotia exigua var. undulata,1,3
Eunotia faba,1,3
Eunotia fallax var. fallax,1,3
Eunotia fallax var. groenlandica,1,3
Eunotia fennica,1,3
Eunotia flexuosa,1,3
Eunotia flexuosa pachycephala,1,3
Eunotia flexuosa var. eurycephala,1,3
Eunotia flexuosa var. pachycephala,1,3
Eunotia flexuosa var. vasconiensis,1,3
Eunotia flexuosa vasconiensis,1,3
Eunotia formica,1,3
Eunotia germainii,1,3
Eunotia gibbosa,1,3
Eunotia gibbulosa,1,3
Eunotia glacialis,1,3
Eunotia groenlandica,1,3
Eunotia hemicyclus,1,3
Eunotia hexaglyphis,1,3
Eunotia hyperborea,1,3
Eunotia implicata,1,3
Eunotia incisa var. incisa,1,3
Eunotia inflata,1,3
Eunotia intermedia,1,3
Eunotia jemtlandica,1,3
Eunotia kayaporum,1,3
Eunotia kocheliensis,1,3
Eunotia lapponica,1,3
Eunotia lunaris capitata,1,3
Eunotia lunaris subarcuata,1,3
Eunotia lunaris var. sicula,1,3
Eunotia maior,1,3
Eunotia maior var. ventricosa,1,3
Eunotia maior ventricosa,1,3
Eunotia major compacta,1,3
Eunotia major var. compacta,1,3
Eunotia major var. scandica,1,3
Eunotia major ventricosa,1,3
Eunotia meisteri,1,3
Eunotia meisteri bidens,1,3
Eunotia meisteri var. bidens,1,3
Eunotia microcephala,1,3
Eunotia microcephala tridentata,1,3
Eunotia microcephala var. tridentata,1,3
Eunotia minor,1,3
Eunotia minutissima,1,3
Eunotia monodon bidens,1,3
Eunotia monodon fo. curta,1,3
Eunotia monodon var. bidens,1,3
Eunotia monodon var. major,1,3
Eunotia monodon var. monodon,1,3
Eunotia mucophila,1,3
Eunotia muscicola var. muscicola,1,3
Eunotia muscicola var. perminuta,1,3
Eunotia muscicola var. tridentula,1,3
Eunotia naegeli,1,3
Eunotia neocaledonica,1,3
Eunotia nipponica var. daisetsuensis,2,1
Eunotia nodosa,1,3
Eunotia nymanniana,1,3
Eunotia okawangoi,1,3
Eunotia paludosa,1,3
Eunotia paludosa var. trinacria,1,3
Eunotia papilio,1,3
Eunotia parallela angusta,1,3
Eunotia parallela parallela,1,3
Eunotia parallela var. angusta,1,3
Eunotia parallela var. densestriata,1,3
Eunotia parallela var. parallela,1,3
Eunotia paratridentula,1,3
Eunotia pectinalis var. minor,1,3
Eunotia pectinalis var. minor fo. impressa,1,3
Eunotia pectinalis var. minor fo. intermedia,1,3
Eunotia pectinalis var. pectinalis,1,3
Eunotia pectinalis var. undulata,1,3
Eunotia pectinalis var. ventralis,1,3
Eunotia pectinalis var. ventricosa,1,3
Eunotia pectinalis ventricosa,1,3
Eunotia pentaglyphis,1,3
Eunotia perminuta,1,3
Eunotia perpusilla,1,3
Eunotia perpusilla var. perminuta,1,3
Eunotia pirla,1,3
Eunotia polyglyphis,1,3
Eunotia praerupta-minor,1,3
Eunotia praerupta var. bidens,1,3
Eunotia praerupta var. bigibba,1,3
Eunotia praerupta var. excelsa,1,3
Eunotia praerupta var. inflata,1,3
Eunotia praerupta var. muscicola,1,3
Eunotia praerupta var. papilio,1,3
Eunotia praerupta var. praerupta,1,3
Eunotia pseudogroenlandica nom.provar.,1,3
Eunotia pseudolunaris,1,3
Eunotia pseudopapilio,1,3
Eunotia pseudopectinalis,1,3
Eunotia quaternaria,1,3
Eunotia rabenhorstii,1,3
Eunotia rabenhorstii africana,1,3
Eunotia rabenhorstii maxima,1,3
Eunotia rabenhorstii var. africana,1,3
Eunotia rabenhorstii var. africana fo. triodon,1,3
Eunotia rabenhorstii var. maxima,1,3
Eunotia repens,1,3
Eunotia rhomboidea,1,3
Eunotia rhynchocephala var. rhynchocephala,1,3
Eunotia rhynchocephala var. satelles,1,3
Eunotia ruzickae,1,3
Eunotia satelles,1,3
Eunotia scandinavica,1,3
Eunotia septena,1,3
Eunotia septentrionalis,1,3
Eunotia septentrionalis fo. geniculata,1,3
Eunotia serra var. diadema,1,3
Eunotia serra var. serra,1,3
Eunotia serra var. tetraodon,1,3
Eunotia siberica,1,3
Eunotia sicula,1,3
Eunotia silvahercynia,1,3
Eunotia soleirolii,1,3
Eunotia sp.,1,3
Eunotia spiculaeformis,1,3
Eunotia stehlei,1,3
Eunotia steineckii,1,3
Eunotia stevensonii,1,3
Eunotia subarcuatoides,1,3
Eunotia subherkiniensis,1,3
Eunotia subtilissima,1,3
Eunotia sudetica,1,3
Eunotia suecica,1,3
Eunotia synedraeformis,3,1
Eunotia tambaquina,1,3
Eunotia tenella,1,3
Eunotia tetraodon,1,3
Eunotia tibia,1,3
Eunotia tibia var. bidens,1,3
Eunotia tridentula,1,3
Eunotia tridentula var. perminuta,1,3
Eunotia trinacria,1,3
Eunotia trinacria undulata,1,3
Eunotia trinacria var. undulata,1,3
Eunotia triodon,1,3
Eunotia valida,1,3
Eunotia vanheurckii,1,3
Eunotia varioundulata,1,3
Eunotia veneris,1,3
Eunotia xystriformis,1,3
Eunotiaz tenella fo. undulata,1,3
Eunotioforma conversa,3,1
Eunotioforma synedraeformis,3,1
Eupodiscus churchii,1,3
Fallacia aequora,4,1
Fallacia aequorea,4,1
Fallacia auriculata,4,1
Fallacia cryptolyra,4,1
Fallacia diploneoides,4,1
Fallacia dithmarsica,4,1
Fallacia egregia,4,1
Fallacia enigmatica,5,1
Fallacia florinae,4,1
Fallacia floriniae,4,1
Fallacia forcipata,4,1
Fallacia forcipata densestriata,4,1
Fallacia forcipata var. densestriata,4,1
Fallacia forcipata var. punctata,4,1
Fallacia fracta,4,1
Fallacia frustulum,4,1
Fallacia gusliakovii,4,1
Fallacia helensis,4,1
Fallacia hudsonis,4,1
Fallacia hummii,4,1
Fallacia hyalinula,4,1
Fallacia indifferens,4,1
Fallacia inscriptura,4,1
Fallacia insociabilis,4,1
Fallacia lenzi,4,1
Fallacia lenzii,4,1
Fallacia lucens,4,1
Fallacia lucinensis,4,1
Fallacia marnieri,4,1
Fallacia mitis,4,1
Fallacia monoculata,4,1
Fallacia muraloides,5,1
Fallacia naumannii,4,1
Fallacia oculiformis,4,1
Fallacia omissa,4,1
Fallacia pseudoforcipata,4,1
Fallacia pseudomitis,4,1
Fallacia pseudony,4,1
Fallacia pygmaea ssp.pygmaea,4,1
Fallacia species,4,1
Fallacia standeriella,4,1
Fallacia subforcipata,4,1
Fallacia subhamulata,4,1
Fallacia sublucidula,5,1
Fallacia submitis,4,1
Fallacia tenera,4,1
Fallacia tenerrima,4,1
Fallacia versicolor,4,1
Fallacia vitrea,4,1
Fistulifera pelliculosa,5,1
Fistulifera saprophila,5,1
Fogedia finmarchica,4,1
Fogedia finnmarchica,4,1
Fragilaria alpestris,2,1
Fragilaria amphicephaloides,4,1
Fragilaria arcus var. amphioxys,1,3
Fragilaria arcus var. arcus,1,3
Fragilaria austriaca,4,1
Fragilaria barbatula,5,2
Fragilaria bicapitata,2,1
Fragilaria biceps,3,1
Fragilaria bidens,2,1
Fragilaria brevistriata,2,2
Fragilaria brevistriata turgida,2,2
Fragilaria capitata,4,1
Fragilaria capucina acuta,2,2
Fragilaria capucina lanceolata,2,2
Fragilaria capucina ssp. rumpens,4,1
Fragilaria capucina subsp. amphicephala,4,1
Fragilaria capucina var. acuta,2,2
Fragilaria capucina var. amphicephala,4,1
Fragilaria capucina var. austriaca,4,1
Fragilaria capucina var. capucina,2,2
Fragilaria capucina var. lanceolata,2,2
Fragilaria capucina var. mesolepta,2,2
Fragilaria capucina var. rumpens,2,2
Fragilaria capucina var. rumpens abnormal form,1,2
Fragilaria capucina var. vaucheriae,3,2
Fragilaria cassubica,2,1
Fragilaria constricta fo. stricta,2,1
Fragilaria cyclopum,4,1
Fragilaria danica,3,1
Fragilaria delicatissima,4,1
Fragilaria delicatissima var. angustissima,4,1
Fragilaria dilatata,4,1
Fragilaria famelica,2,1
Fragilaria famelica var. famelica,4,1
Fragilaria fasciculata sensu lato,5,2
Fragilaria fragilarioides,2,1
Fragilaria gloiophila,4,1
Fragilaria heidenii,2,1
Fragilaria hyalina,2,1
Fragilaria incognita,2,1
Fragilaria inflata,2,1
Fragilaria islandica,2,1
Fragilaria lancettula,4,1
Fragilaria martyi,5,2
Fragilaria mazamaensis,2,1
Fragilaria mesolepta,2,2
Fragilaria miniscula,2,1
Fragilaria montana,4,1
Fragilaria nanana,4,1
Fragilaria oldenburgiana,2,1
Fragilaria pectinalis,4,1
Fragilaria pinnata fo. subsolitaris,5,2
Fragilaria pinnata var. pinnata,4,1
Fragilaria producta var.acuta,2,2
Fragilaria pulchella,2,1
Fragilaria pulchella var. lanceolata,2,1
Fragilaria quadrata,2,1
Fragilaria recapitellata,3,2
Fragilaria reicheltii,1,3
Fragilaria rhabdosoma,2,1
Fragilaria rumpens,2,2
Fragilaria schwartzii,5,2
Fragilaria species,2,1
Fragilaria striatula,2,1
Fragilaria tenera,4,1
Fragilaria tenera nanana,4,1
Fragilaria tenuicollis,2,1
Fragilaria trigibba,2,2
Fragilaria ulna angustissima,4,1
Fragilaria ulna var. acus,4,1
Fragilaria ulna var. amphirhynchus,3,1
Fragilaria ulna var. impressa,3,1
Fragilaria ulna var. longissima,3,1
Fragilaria ulna var. oxyrhynchus,3,1
Fragilaria ulna var. spathulifera,3,1
Fragilaria undata,2,1
Fragilaria undata fo. trinodis,2,1
Fragilaria undata var. quadrata,2,1
Fragilaria undata var. stricta,2,1
Fragilaria utermoehlii,4,1
Fragilaria vaucheriae,3,2
Fragilaria vaucheriae var. capitellata,3,2
Fragilaria virescens,2,1
Fragilaria vitrea,2,1
Fragilaria zeilleri,2,1
Fragilariforma acidobiontica,2,1
Fragilariforma bicapitata,2,1
Fragilariforma constricta,2,1
Fragilariforma constricta fo. stricta,2,1
Fragilariforma constricta var. quadrata,2,1
Fragilariforma constricta var. trinodis,2,1
Fragilariforma floridana,2,1
Fragilariforma lata,2,1
Fragilariforma mesolepta,2,2
Fragilariforma neoproducta,2,1
Fragilariforma quadrata,2,1
Fragilariforma species,2,1
Fragilariforma strangulata,2,1
Fragilariforma undata,2,1
Fragilariforma virescens,2,1
Fragilariforma virescens capitata,2,1
Fragilariforma virescens elliptica,2,1
Fragilariforma virescens exigua,3,1
Fragilariforma virescens subsalina,2,1
Fragilariforma virescens var. capitata,2,1
Fragilariforma virescens var. elliptica,2,1
Fragilariforma virescens var. exigua,3,1
Fragilariforma virescens var. mesolepta,2,1
Fragilariforma virescens var. oblongella,2,1
Fragilariforma virescens var. subsalina,2,1
Fragilariopsis curta,4,1
Fragilariopsis cylindrus,4,1
Fragilariopsis kerguelensis,4,1
Frustulia amosseana,1,2
Frustulia amphipleuroides,1,2
Frustulia crassinervia,1,2
Frustulia creuzburgensis,1,2
Frustulia erifuga,1,2
Frustulia interposita,1,2
Frustulia rhomboides,1,2
Frustulia rhomboides var. amphipleuroides,1,2
Frustulia rhomboides var. capitata,1,2
Frustulia rhomboides var. crassinervia,1,2
Frustulia rhomboides var. saxonica,1,2
Frustulia rhomboides var. saxonica fo. capitata,1,2
Frustulia rhomboides var. undulata,1,2
Frustulia rhomboides var. viridula,1,2
Frustulia saxonica,1,2
Frustulia saxonica var. compacta,1,2
Frustulia species,1,2
Frustulia spicula ssp.spicula,1,2
Frustulia vulgaris,1,2
Frustulia vulgaris var. capitata,1,2
Frustulia weinholdii,1,2
Geissleria acceptata,4,1
Geissleria declivis,4,1
Geissleria decussis,4,1
Geissleria dolomitica,4,1
Geissleria ignota,4,1
Geissleria kriegeri,4,1
Geissleria paludosa,4,1
Geissleria schoenfeldii,4,1
Geissleria similis,4,1
Geissleria thingvallae,4,1
Genkalia digitulus,4,1
Genkalia subprocera,4,1
Germainiella enigmatica,5,1
Gliwiczia calcar,5,2
Gogorevia exilis,2,2
Gogorevia rostellata,3,1
Gomphocymbella ancyli,2,1
Gomphocymbella species,2,1
Gomphocymbellopsis ancyli,2,1
Gomphoneis calcifuga,5,2
Gomphoneis clevei,3,1
Gomphoneis eriense var. variabilis,3,1
Gomphoneis herculeana var. minuta,3,1
Gomphoneis minuta var. minuta,3,1
Gomphonella baltica,5,2
Gomphonella fonticola,5,2
Gomphonella olivacea,3,1
Gomphonema acuminatum cryptoacuminatum,3,1
Gomphonema acuminatum longiceps,3,1
Gomphonema acuminatum var. acuminatum,3,1
Gomphonema acuminatum var. brebissonii,3,1
Gomphonema acuminatum var. coronatum,3,1
Gomphonema acuminatum var. elongata,3,1
Gomphonema acuminatum var. pusillum,3,1
Gomphonema acuminatum var. trigonocephala,3,1
Gomphonema acuminatum var. turris,3,1
Gomphonema acutiusculum,3,1
Gomphonema affine,3,1
Gomphonema affine var. insigne,3,1
Gomphonema amoenum,3,1
Gomphonema angustatum,1,2
Gomphonema angustatum obtusatum,1,2
Gomphonema angustatum var. obtusatum,1,2
Gomphonema angustatum var. producta,1,2
Gomphonema angustatum var. sarcophagus,1,2
Gomphonema angustum,3,1
Gomphonema apicatum,3,1
Gomphonema augur,3,1
Gomphonema augur var. gautieri,3,1
Gomphonema augur var. sphaerophorum,3,1
Gomphonema augur var. turris,3,1
Gomphonema auritum,3,1
Gomphonema bipunctatum,3,1
Gomphonema brebissonii,3,1
Gomphonema calcifugum,5,2
Gomphonema carlsenii,3,1
Gomphonema carolinense,3,1
Gomphonema clavatulum,2,1
Gomphonema clavatum,3,1
Gomphonema clevei,3,1
Gomphonema constrictum var. capitatum,3,1
Gomphonema constrictum var. gautieri,3,1
Gomphonema dichotomum,3,1
Gomphonema dichotomum var. pumilum,3,1
Gomphonema duplipunctatum,3,1
Gomphonema elegantissimum,3,1
Gomphonema elongatum,3,1
Gomphonema exiguum,3,1
Gomphonema exiguum minutissimum,3,1
Gomphonema exiguum platypus,3,1
Gomphonema exiguum var. minutissimum,3,1
Gomphonema exilissimum,5,3
Gomphonema fonticolum,5,2
Gomphonema gautieri,3,1
Gomphonema globiferum,3,1
Gomphonema gracile,3,1
Gomphonema grovei,3,1
Gomphonema grovei var. lingulatum,3,1
Gomphonema grunowii,3,1
Gomphonema hatherleyanum,3,1
Gomphonema hatherlianum,3,1
Gomphonema hebridense,3,1
Gomphonema helveticum,3,1
Gomphonema helveticum var. tenuis,3,1
Gomphonema insigne,3,1
Gomphonema intricatum,3,1
Gomphonema kociolekii,3,1
Gomphonema lagerheimii,3,1
Gomphonema littorale,3,1
Gomphonema longiceps,3,1
Gomphonema longiceps suecicum,3,1
Gomphonema micropumilum,3,1
Gomphonema micropus var. micropus,5,3
Gomphonema minutum fo. minutum,4,2
Gomphonema montanum,3,1
Gomphonema montanum var. suecicum,3,1
Gomphonema neonasutum,3,1
Gomphonema olivaceoides,2,3
Gomphonema olivaceum fo. rostrata,5,2
Gomphonema olivaceum inflatum,5,2
Gomphonema olivaceum minutissimum,5,2
Gomphonema olivaceum var. balticum,5,2
Gomphonema olivaceum var. calcarea,5,2
Gomphonema olivaceum var. fonticola,5,2
Gomphonema olivaceum var. minutissimum,5,2
Gomphonema olivaceum var. olivaceoides,2,3
Gomphonema olivaceum var. olivaceum,5,2
Gomphonema olivaceum var. staurophorum,5,2
Gomphonema pala,3,1
Gomphonema parvulum var. exilis,5,3
Gomphonema parvulum var. exilissimum,5,3
Gomphonema parvulum var. micropus,5,3
Gomphonema parvulum var. parvulum fo. parvulum,5,3
Gomphonema platypus,3,1
Gomphonema productum,1,2
Gomphonema pseudoaugur,3,1
Gomphonema pseudotenellum,3,1
Gomphonema pumilum,3,1
Gomphonema pumilum rigidum,3,1
Gomphonema pumilum var. elegans,3,1
Gomphonema pumilum var. rigidum,3,1
Gomphonema pusillum,3,1
Gomphonema sagitta,3,1
Gomphonema sarcophagus,1,2
Gomphonema species,3,1
Gomphonema sphaerophorum,3,1
Gomphonema staurophorum,5,2
Gomphonema subtile,3,1
Gomphonema subtile sagitta,3,1
Gomphonema subtile var. sagitta,3,1
Gomphonema tackei,3,1
Gomphonema tenue,3,1
Gomphonema tergestinum,3,1
Gomphonema truncatum,3,1
Gomphonema truncatum var. capitatum,3,1
Gomphonema truncatum var. elongata,3,1
Gomphonema turris,3,1
Gomphonema ventricosum,3,1
Gomphonema vibrio,3,1
Gomphonema vibrio bohemicum,3,1
Gomphonema vibrio pulvinatum,3,1
Gomphonema vibrio var. bohemicum,3,1
Gomphonema vibrio var. fossile,3,1
Gomphonema vibrio var. intricatum,3,1
Gomphonema vibrio var. pulvinatum,3,1
Gomphonema vibrio var. pumilum,3,1
Gomphonemopsis exigua,3,1
Gomphonemopsis exigua var. platypus,3,1
Gomphonemopsis littoralis,3,1
Gomphosphenia grovei,3,1
Gomphosphenia grovei lingulata,3,1
Gomphosphenia grovei var. lingulata,3,1
Gomphosphenia oahuensis,4,1
Gomphosphenia tackei,3,1
Grunowia denticula,4,1
Grunowia solgensis,4,1
Grunowia tabellaria,4,1
Gyrosigma acuminatum,5,2
Gyrosigma acuminatum var. baikalensis,5,2
Gyrosigma algoris,5,2
Gyrosigma angustum,5,2
Gyrosigma arcticum,5,2
Gyrosigma attenuatum,5,2
Gyrosigma baikalense,5,2
Gyrosigma balticum,5,2
Gyrosigma compactum,5,2
Gyrosigma diaphanum,5,2
Gyrosigma diminutum,5,2
Gyrosigma distortum,5,2
Gyrosigma distortum undulatum,5,2
Gyrosigma distortum var. diaphanum,5,2
Gyrosigma distortum var. parkeri,5,2
Gyrosigma distortum var. undulatum,5,2
Gyrosigma eximium,5,2
Gyrosigma fasciola,5,2
Gyrosigma hippocampus,5,2
Gyrosigma macrum,5,2
Gyrosigma mediterraneum,5,2
Gyrosigma murphyi,5,2
Gyrosigma nodiferum,5,2
Gyrosigma obliquum,5,2
Gyrosigma obscurum,5,2
Gyrosigma obtusatum,5,2
Gyrosigma olhonensis,5,2
Gyrosigma parkerii,5,2
Gyrosigma peisonis,5,2
Gyrosigma peisonis majus,5,2
Gyrosigma prolongatum,5,2
Gyrosigma prolongatum var. closterioides,5,2
Gyrosigma rectum var. minutum,5,2
Gyrosigma scalproides,5,2
Gyrosigma sciotense,5,2
Gyrosigma sciotoense,5,2
Gyrosigma species,5,2
Gyrosigma spencerii,5,2
Gyrosigma spencerii var. curvula,5,2
Gyrosigma spencerii var. nodifera,5,2
Gyrosigma strigilis,5,2
Gyrosigma subsalinum,5,2
Gyrosigma wansbeckii,5,2
Gyrosigma wormleyi,5,2
Halamphora aponina,5,1
Halamphora coffeaeformis,5,1
Halamphora cuneata,5,1
Halamphora dusenii,5,1
Halamphora eunotia,5,1
Halamphora exigua,5,1
Halamphora holsatica,5,1
Halamphora hybrida,5,1
Halamphora montana,5,1
Halamphora normanii,5,1
Halamphora obscura,5,1
Halamphora oligotraphenta,5,1
Halamphora pseudohyalina,5,1
Halamphora terroris,5,1
Halamphora thumensis,5,1
Halamphora veneta,5,1
Hannaea,1,3
Hannaea arcus,1,3
Hannaea arcus amphioxys,1,3
Hannaea arcus var. amphioxys,1,3
Hannaea arcus var. linearis,1,3
Hannaea linearis,1,3
Hannaea sp.,1,3
Hantzschia,5,1
Hantzschia amphilepta,5,1
Hantzschia amphioxys,5,1
Hantzschia amphioxys lanceolata,5,1
Hantzschia amphioxys major,5,1
Hantzschia amphioxys minor,5,1
Hantzschia amphioxys nodifera,1,3
Hantzschia amphioxys royatense,4,1
Hantzschia amphioxys var. capitata,5,1
Hantzschia amphioxys var. intermedia,5,1
Hantzschia amphioxys var. lanceolata,5,1
Hantzschia amphioxys var. major,5,1
Hantzschia amphioxys var. minor,5,1
Hantzschia amphioxys var. nodifera,1,3
Hantzschia amphioxys var. obtusa,5,1
Hantzschia amphioxys var. royatense,4,1
Hantzschia amphioxys var. rupestris,5,1
Hantzschia amphioxys var. vivax,5,1
Hantzschia amphioxys vivax,5,1
Hantzschia baltica,5,1
Hantzschia calcifuga,5,1
Hantzschia distinctepunctata,5,1
Hantzschia giessiana,5,1
Hantzschia gracilis,5,1
Hantzschia graciosa,5,1
Hantzschia hyalina,5,1
Hantzschia leptocephala,5,1
Hantzschia petitiana,5,1
Hantzschia pseudomarina,5,1
Hantzschia rhaetica,5,1
Hantzschia rigida,5,1
Hantzschia sp.,5,1
Hantzschia spectabilis,4,1
Hantzschia virgata capitellata,5,1
Hantzschia virgata gracilis,5,1
Hantzschia virgata intermedia,5,1
Hantzschia virgata kariana,5,1
Hantzschia virgata var. capitellata,5,1
Hantzschia virgata var. gracilis,5,1
Hantzschia virgata var. intermedia,5,1
Hantzschia virgata var. leptocephala,5,1
Hantzschia virgata var. virgata,5,1
Hantzschia virgata var. wittii,5,1
Hantzschia vivacior,5,1
Hantzschia vivax,5,1
Hantzschia weiprechtii,5,1
Hantzschia weyprechtii,5,1
Hantzschia wittii,5,1
Haslea britannica,4,1
Haslea crucigera,4,1
Haslea spicula,4,1
Haslea stundlii,4,1
Hippodonta capitata,4,1
Hippodonta costulata,4,1
Hippodonta hungarica,4,1
Hippodonta lesmonensis,4,1
Hippodonta lueneburgensis,4,1
Hippodonta luneburgensis,4,1
Hippodonta subcostulata,4,1
Humidophila aerophila,5,1
Humidophila andegavensis,5,1
Humidophila arcuata,5,1
Humidophila brekkaensis,5,1
Humidophila brekkaensoides,5,1
Humidophila contenta,5,1
Humidophila gallica,5,1
Humidophila laevissima,5,1
Humidophila perpusilla,5,1
Humidophila schmassmannii,4,1
Hyalosira interrupta,4,1
Hygropetra balfouriana,1,3
Iconella amphioxys,3,1
Iconella bifrons,3,1
Iconella capronii,3,1
Iconella curvula,1,1
Iconella delicatissima,3,1
Iconella helvetica,3,1
Iconella linearis,3,1
Iconella margarita,3,1
Iconella spiralis,3,1
Iconella tenera,3,1
Iconella turgida,3,1
Karayevia amoena,3,1
Karayevia bottnica,4,2
Karayevia carissima,3,1
Karayevia clevei var. balcanica,4,2
Karayevia clevei var. bottnica,4,2
Karayevia clevei var. clevei,4,2
Karayevia clevei var. rostrata,4,2
Karayevia kolbei,4,2
Karayevia laterostrata,4,2
Karayevia oblongella,1,2
Karayevia ploenensis,4,2
Karayevia ploenensis abnormal form,4,2
Karayevia ploenensis var. gessneri,4,2
Karayevia ploenensis var. woldstedtii,4,2
Karayevia ploenensis woldstedtii,4,2
Karayevia rostrata,4,2
Karayevia submarina,3,1
Karayevia suchlandtii,3,1
Khursevichia jentzschii,4,1
Kobayasia jaagii,4,1
Kobayasiella,4,1
Kobayasiella jaagii,4,1
Kobayasiella madumensis,4,1
Kobayasiella okadae,4,1
Kobayasiella sp.,4,1
Kobayasiella subtilissima,4,1
Kolbesia amoena,3,1
Kolbesia gessneri,3,1
Kolbesia gessneri fo. anormale,4,2
Kolbesia kolbei,4,2
Kolbesia ploenensis,4,2
Kolbesia suchlandtii,3,1
Krasskella kriegerana,1,3
Kurtkrammeria aequalis,2,1
Kurtkrammeria neoamphioxys,2,1
Labellicula supralitoralis,4,1
Lacustriella lacustris,4,1
Lemnicola hungarica,3,1
Lioloma elongatum,3,1
Luticola acidoclinata,5,2
Luticola charlatii,4,1
Luticola cohnii,5,2
Luticola dapaliformis,5,2
Luticola dismutica,5,2
Luticola goeppertiana,5,2
Luticola heufleriana,4,1
Luticola imbricata,4,1
Luticola inserata,5,2
Luticola mutica,5,2
Luticola mutica var. ventricosa,5,2
Luticola muticopsis,5,2
Luticola nivalis,5,2
Luticola nivaloides,5,2
Luticola nivaloides (W.Bock),5,2
Luticola obligata,5,2
Luticola plausibilis,5,2
Luticola saxophila,5,2
Luticola species,5,2
Luticola spinifera,5,2
Luticola suecorum,4,1
Luticola ventricosa,5,2
Lyrella abrupta,4,1
Lyrella approximata,4,1
Lyrella atlantica,4,1
Lyrella bacillifera,4,1
Lyrella clavata,4,1
Lyrella clavata fo. subconstricta,4,1
Lyrella hennedyi,4,1
Lyrella inaurata,4,1
Lyrella lyra subcarinata,4,1
Lyrella lyroides,4,1
Lyrella nebulosa,4,1
Lyrella perplexa,4,1
Lyrella praetexta,4,1
Lyrella rattrayi,4,1
Lyrella rudiformis,4,1
Lyrella sandriana,4,1
Lyrella spectabilis,4,1
Lyrella subforcipata,4,1
Martyana,5,2
Martyana atomus,5,2
Martyana martyi,5,2
Martyana schulzii,5,2
Martyana sp.,5,2
Mastogloia acutiuscula,4,1
Mastogloia bahamensis,5,1
Mastogloia elliptica,5,1
Mayamaea agrestis,5,1
Mayamaea alcimonica,5,1
Mayamaea aliena,3,1
Mayamaea asellus,5,1
Mayamaea atomus var. alcimonica,5,1
Mayamaea atomus var. atomus,5,1
Mayamaea atomus var. permitis,5,1
Mayamaea destricta,5,1
Mayamaea disjuncta,4,1
Mayamaea excelsa,5,1
Mayamaea fossalis,5,1
Mayamaea fossalis obsidialis,5,1
Mayamaea fossalis var. obsidialis,5,1
Mayamaea fossaloides,5,1
Mayamaea ingenua,5,1
Mayamaea lacunolaciniata,5,1
Mayamaea permitis,5,1
Mayamaea recondita,5,1
Melosira varians,4,2
Meridion,2,3
Meridion circulare var. circulare,2,3
Meridion circulare var. constrictum,2,3
Meridion constrictum,2,3
Meridion sp.,2,3
Metascolioneis brunkseiensis,4,1
Metascolioneis tumida,4,1
Meuniera membranacea,5,2
Microcostatus egregius,4,1
Microcostatus krasskei,4,1
Microcostatus kuelbsii,5,1
Microcostatus maceria,4,1
Microcostatus naumannii,4,1
Microtabella interrupta,4,1
Muelleria gibbula,4,1
Myriactis pulvinata,4,1
Navicella pusilla,2,1
Navicula abiskoensis,4,1
Navicula aboensis,4,1
Navicula abrupta,4,1
Navicula abrupta var. rattrayi,4,1
Navicula absoluta,4,1
Navicula accedens,4,1
Navicula acceptata,4,1
Navicula accomoda,4,1
Navicula aerophila,5,1
Navicula agrestis,5,1
Navicula airdevronsixii,4,1
Navicula aleemii,4,1
Navicula algida,4,1
Navicula alisoviana,4,1
Navicula americana,4,1
Navicula ammophila,4,1
Navicula ammophila var. flanatica,4,1
Navicula amphibola,4,1
Navicula anca,4,1
Navicula anglica,4,1
Navicula anglica var. signata,4,1
Navicula anglica var. subsalsa,4,1
Navicula anglophila var. signata,4,1
Navicula angusta,4,1
Navicula anna,4,1
Navicula antverpiensis,4,1
Navicula apiculata,4,1
Navicula approximata,4,1
Navicula approximata fo. morei,4,1
Navicula approximata fo. niceaensis,4,1
Navicula arata,4,1
Navicula arenaria rostellata,4,1
Navicula arenaria var. arenaria,4,1
Navicula arenaria var. rostellata,4,1
Navicula armata,4,1
Navicula armoricana,4,1
Navicula arvensis,5,1
Navicula arvensis var. maior,5,1
Navicula asellus,5,1
Navicula associata,5,2
Navicula atlantica,4,1
Navicula atomus var. alcimonica,5,1
Navicula atomus var. atomus,5,1
Navicula atomus var. excelsa,5,1
Navicula atomus var. permitis,5,1
Navicula atomus var. recondita,5,1
Navicula avenacea,4,1
Navicula avonensis,4,1
Navicula bacillaris,4,1
Navicula bacillaris var. fontinalis,4,1
Navicula bacillifera,4,1
Navicula bacilloides,4,1
Navicula bacillum,4,1
Navicula bacillum fo. gregoryana,4,1
Navicula bacillum var. gregoryana,4,1
Navicula bahusiensis,5,1
Navicula bahusiensis var. arctica,5,1
Navicula bahusiensis var. istriana,5,1
Navicula barclayana,4,1
Navicula begerii,5,1
Navicula bicapitellata,4,1
Navicula biflexa,4,1
Navicula binodis,2,3
Navicula biskanterae,4,1
Navicula biskanteri,4,1
Navicula bottnica,4,1
Navicula brasiliana,4,1
Navicula brekkaensis var. andegavensis,5,1
Navicula brekkaensis var. brekkaensis,5,1
Navicula brekkaensis var. brekkaensoides,5,1
Navicula bremensis,4,1
Navicula bremeyeri,3,1
Navicula bremeyeri rostrata,5,1
Navicula bremeyeri var. rostrata,5,1
Navicula britannica,4,1
Navicula brockmanni,4,1
Navicula bryophila,4,1
Navicula bryophila var. aqueductae,4,1
Navicula buderi,4,1
Navicula bulnheimii,4,1
Navicula bulnheimii var. belgica,4,1
Navicula cadeei,4,1
Navicula caenosus,4,1
Navicula calida,4,1
Navicula cancellata,4,1
Navicula cancellata retusa,4,1
Navicula cancellata var. retusa,4,1
Navicula capitata,4,1
Navicula capitata var. hungarica,4,1
Navicula capitata var. lueneburgensis,4,1
Navicula capitatoradiata,3,2
Navicula cari,4,1
Navicula cari var. cincta,4,1
Navicula cari var. recens,4,1
Navicula carinifera,4,1
Navicula caroliniana,4,1
Navicula carteri,4,1
Navicula caterva,4,1
Navicula certa,4,1
Navicula charlatii,4,1
Navicula cincta,4,1
Navicula cincta var. angusta,4,1
Navicula cinctaeformis,4,1
Navicula cinctiformis,4,1
Navicula citrus,4,1
Navicula clamans,4,1
Navicula clavata,4,1
Navicula clavata var. indica,4,1
Navicula clavata var. wrightii,4,1
Navicula claytonii,4,1
Navicula cloacina,5,1
Navicula cluthensis fo. cluthensis,4,1
Navicula cluthensis fo. rostrata,4,1
Navicula cocconioides,4,1
Navicula commutata,1,3
Navicula complanata,4,1
Navicula complanata var. subinflata,4,1
Navicula complanatula,4,1
Navicula completa,4,1
Navicula completaoides,4,1
Navicula concentrica,4,1
Navicula confervacea,5,1
Navicula congolensis,4,1
Navicula consentanea,4,1
Navicula constans,4,1
Navicula constans var. symmetrica,4,1
Navicula contenta,5,1
Navicula contenta fo. parallela,5,1
Navicula contenta var. biceps,5,1
Navicula cornubiensis,4,1
Navicula corymbosa,4,1
Navicula costulata,4,1
Navicula creuzburgensis,4,1
Navicula cristula,0,1
Navicula crucicula,4,1
Navicula crucicula var. obtusata,4,1
Navicula cruciculoides,4,1
Navicula crucifera,4,1
Navicula crucigera,4,1
Navicula cryptocephala,4,1
Navicula cryptocephala fo. terrestris,4,1
Navicula cryptocephala var. exilis,4,1
Navicula cryptocephala var. intermedia,4,1
Navicula cryptocephala var. perminuta,4,1
Navicula cryptocephala var. veneta,4,1
Navicula cryptolyra,4,1
Navicula cryptostriata,4,1
Navicula cryptotenella,5,2
Navicula cryptotenella type,5,2
Navicula cuspidata,4,1
Navicula cuspidata fo. craticula,4,1
Navicula cuspis,4,1
Navicula cymbula,4,1
Navicula dapaliformis,5,2
Navicula debilissima,4,1
Navicula declivis,4,1
Navicula decussis,4,1
Navicula delognei,4,1
Navicula densestriata,2,2
Navicula derasa,4,1
Navicula destricta,5,1
Navicula detenta,4,1
Navicula diabolica,5,1
Navicula diengensis,4,1
Navicula difficillimoides,5,1
Navicula digitoconvergens,4,1
Navicula digitoradiata,4,1
Navicula digitoradiata fo. linearis,4,1
Navicula digitoradiata minima,4,1
Navicula digitoradiata var. minima,4,1
Navicula digitoradiata var. rostrata,4,1
Navicula digitulus,4,1
Navicula digna,4,1
Navicula dilucida,4,1
Navicula diluviana,2,1
Navicula diploneoides,4,1
Navicula directa,4,1
Navicula directa remota,4,1
Navicula directa var. incus,4,1
Navicula directa var. planctonica,4,1
Navicula directa var. remota,4,1
Navicula diserta,4,1
Navicula disjuncta,4,1
Navicula distans,4,1
Navicula dithmarsica,4,1
Navicula divergens var. laticeps,1,3
Navicula dolomitica,4,1
Navicula duerrenbergiana,4,1
Navicula dunstonii,4,1
Navicula egregia,4,1
Navicula eidrigiana,4,1
Navicula elegans,4,1
Navicula elginensis,4,1
Navicula elginensis var. neglecta,4,1
Navicula enigmatica,5,1
Navicula erifuga,4,1
Navicula escambia,4,1
Navicula eta,4,1
Navicula evanida,5,1
Navicula excelsa,5,1
Navicula exigua,4,1
Navicula exiguiformis,4,1
Navicula exiguiformis fo. elliptica,4,1
Navicula exiguiformis fo. undulata,4,1
Navicula exilis,4,1
Navicula explanata,4,1
Navicula faceta,4,1
Navicula falaisensis,4,1
Navicula farta,4,1
Navicula fasciata,3,1
Navicula fasciculata,3,1
Navicula favus,4,1
Navicula fennica,4,1
Navicula festiva,4,1
Navicula finitima,4,1
Navicula finnmarchica,4,1
Navicula flagellifera,4,1
Navicula flanatica,4,1
Navicula flanatica var. ammophila,4,1
Navicula fluens,5,1
Navicula fluviatilis,5,1
Navicula fortis,4,1
Navicula fossalis,5,1
Navicula fossaloides,5,1
Navicula fragilarioides,5,1
Navicula frigida,4,1
Navicula fromenterae,4,1
Navicula frugalis,5,1
Navicula frustulum,4,1
Navicula fusticulus,4,1
Navicula galikii,4,1
Navicula gallica var. perpusilla,5,1
Navicula geitleri,4,1
Navicula genustriata,4,1
Navicula gerloffi,5,1
Navicula gerloffi fo. lanceolata,5,1
Navicula gibbula,4,1
Navicula gibbula var. capitata,4,1
Navicula glaberrima,2,3
Navicula globosa,4,1
Navicula globulifera,4,1
Navicula glomus,4,1
Navicula goeppertiana var. dapaliformis,5,2
Navicula gottlandica,4,1
Navicula gracilis fo. constricta,4,2
Navicula graciloides,4,1
Navicula granii,4,1
Navicula granulata,4,1
Navicula gregaria,5,1
Navicula grimmei,4,1
Navicula grimmei producta,9,0
Navicula grimmei var. producta,9,0
Navicula grippii,4,1
Navicula groschopfii,4,1
Navicula guayqueriae,9,0
Navicula gysigensis,4,1
Navicula halophila,4,1
Navicula halophilioides,4,1
Navicula hambergii,4,1
Navicula hamulifera,4,1
Navicula harderi,5,1
Navicula hassiaca,5,1
Navicula hasta,4,1
Navicula helvetica,4,1
Navicula hennedyi,4,1
Navicula hennedyi fo. bacillifera,4,1
Navicula heufleri,4,1
Navicula heufleriana,4,1
Navicula hoefleri,4,1
Navicula hudsonis,4,1
Navicula humerosa constricta,4,1
Navicula humerosa minor,4,1
Navicula hustedtii,4,1
Navicula hyalinula,4,1
Navicula hyalosira,4,1
Navicula ignota,4,1
Navicula ignota anglica,4,1
Navicula ignota var. acceptata,4,1
Navicula ignota var. anglica,4,1
Navicula ignota var. palustris,4,1
Navicula ilopangoensis,4,1
Navicula imbricata,4,1
Navicula imperfecta,4,1
Navicula impexa,5,1
Navicula inaurata,4,1
Navicula incerta,4,1
Navicula incertata,4,1
Navicula inclementis,4,1
Navicula incongruens,4,1
Navicula incus,4,1
Navicula inexpectans,4,1
Navicula inflexa,4,1
Navicula ingenua,5,1
Navicula ingrata,4,1
Navicula inornata,4,1
Navicula inscriptura,4,1
Navicula integra,4,1
Navicula interglacialis,4,1
Navicula inutilis,4,1
Navicula jaagii,4,1
Navicula jamalinensis,4,1
Navicula jentzschii,4,1
Navicula johncarteri,4,1
Navicula joubaudii,5,1
Navicula kariana,4,1
Navicula kariana perpusilla,4,1
Navicula kariana var. curta,4,1
Navicula kariana var. frigida,4,1
Navicula kariana var. perpusilla,4,1
Navicula kefvingensis,4,1
Navicula kotschyi,4,1
Navicula kotschyi fo. undulata,4,1
Navicula krasskei,4,1
Navicula kriegeri,4,1
Navicula kryophila,4,1
Navicula kuelbsii,5,1
Navicula kützingiana,4,1
Navicula lacunolaciniata,5,1
Navicula laeta,4,1
Navicula lagerstedtii var. palustris,4,1
Navicula lanceolata,5,2
Navicula lapidosa,4,1
Navicula lapila,4,1
Navicula latens,4,1
Navicula laterostrata,4,1
Navicula laterostrata var. rostrata,4,1
Navicula latevittata,1,3
Navicula laticeps,4,1
Navicula latissima,4,1
Navicula lenzii,5,1
Navicula leptostriata,4,1
Navicula lesmonensis,4,1
Navicula levanderi,4,1
Navicula libellus,4,1
Navicula libonensis,4,1
Navicula litoris,4,1
Navicula lobeliae,4,1
Navicula longa,4,1
Navicula longa var. irregularis,4,1
Navicula longirostris,4,1
Navicula lucidula,4,1
Navicula lucinensis,4,1
Navicula ludloviana,4,1
Navicula lunatapicalis,4,1
Navicula lyra var. atlantica,4,1
Navicula lyroides,4,1
Navicula maceria,4,1
Navicula madumensis,4,1
Navicula margalithii,4,1
Navicula margino-nodularis,4,1
Navicula margino-ornata,4,1
Navicula marnieri,4,1
Navicula medioconvexa,4,1
Navicula mediocris,5,1
Navicula menaiana,4,1
Navicula menda,4,1
Navicula menisculus obtusa,5,2
Navicula menisculus var. menisculus,5,2
Navicula menisculus var. obtusa,5,2
Navicula menisculus var. upsaliensis,5,2
Navicula meniscus,4,1
Navicula microcephala,4,1
Navicula minima,5,1
Navicula minima var. atomoides,5,1
Navicula minthe,4,1
Navicula minuscula,5,1
Navicula minuscula var. muralis,5,1
Navicula minusculoides,4,1
Navicula misella,4,1
Navicula mitis,4,1
Navicula modica,4,1
Navicula molestiformis,4,1
Navicula monilifera,4,1
Navicula monilifera heterosticta,4,1
Navicula monilifera var. heterosticta,4,1
Navicula monoculata,4,1
Navicula muralibionta,4,1
Navicula muralis,5,1
Navicula muraloides,5,1
Navicula mutica,5,2
Navicula mutica fo. intermedia,5,2
Navicula mutica var. gracilis,5,2
Navicula mutica var. nivalis,5,2
Navicula muticopsis,5,2
Navicula naumanni,4,1
Navicula nebulosa,4,1
Navicula neowiesneri,4,1
Navicula nivalis,5,2
Navicula nivalis fo. distinguenda,5,2
Navicula nivaloides,5,2
Navicula northumbrica,4,1
Navicula notanda,4,1
Navicula notha,4,1
Navicula nyassensis,4,1
Navicula oahuensis,4,1
Navicula obdurata,4,1
Navicula oblonga,4,1
Navicula oblonga lanceolata,4,1
Navicula oblonga subcapitata,4,1
Navicula oblonga var. lanceolata,4,1
Navicula oblonga var. subcapitata,4,1
Navicula obsoleta,5,1
Navicula occulta,4,1
Navicula octavosignata,4,1
Navicula omissa,4,1
Navicula opima,4,1
Navicula opportuna,4,1
Navicula oppugnata,4,1
Navicula orbis,4,1
Navicula ordinaria,4,1
Navicula paanaensis,4,1
Navicula pagophila,4,1
Navicula palpebralis angulosa,4,1
Navicula palpebralis var. angulosa,4,1
Navicula palpebralis var. barclayana,4,1
Navicula palpebralis var. palpebralis,4,1
Navicula parsura,5,1
Navicula parvipendata,4,1
Navicula pavillardii,4,1
Navicula pelliculosa,5,1
Navicula peltoensis,4,1
Navicula pennata,4,1
Navicula pennata var. pontica,4,1
Navicula peregrina,4,1
Navicula peregrina var. kefvingensis,4,1
Navicula perfidissima,3,1
Navicula perminuta,4,1
Navicula perparva,4,1
Navicula perplexa,4,1
Navicula perpusilla,5,1
Navicula perrotetti,4,1
Navicula perrotettii var. rostrata,4,1
Navicula peterseni,4,1
Navicula petrmarvanii,4,1
Navicula phyllepta,5,1
Navicula placenta,4,1
Navicula placentula,4,1
Navicula placentula apiculata,4,1
Navicula placentula maculata,4,1
Navicula planmembranacea,4,1
Navicula platystoma,4,1
Navicula plausibilis,4,1
Navicula plicatula,4,1
Navicula poretzkiae,4,1
Navicula porifera,4,1
Navicula porifera var. opportuna,4,1
Navicula praeterita,4,1
Navicula praetexta,4,1
Navicula praetexta abundans,4,1
Navicula praetexta var. abundans,4,1
Navicula producta,4,1
Navicula protracta,4,1
Navicula protracta fo. subcapitata,4,1
Navicula pseudanglica var. signata,4,1
Navicula pseudoarvensis,5,1
Navicula pseudobrasiliana,4,1
Navicula pseudobryophila,4,1
Navicula pseudocari,4,1
Navicula pseudoclamans,4,1
Navicula pseudolanceolata,4,1
Navicula pseudomenisculus,4,1
Navicula pseudomitis,4,1
Navicula pseudony,4,1
Navicula pseudopalpebralis,4,1
Navicula pseudopima,4,1
Navicula pseudosilicula var. olympica,4,1
Navicula pseudotuscula,4,1
Navicula pseudoventralis,4,1
Navicula punctulata pagophila,4,1
Navicula pupula var. aquaeductae,4,1
Navicula pupula var. mutata,4,1
Navicula pupula var. nyassensis,4,1
Navicula pupula var. subcapitata,4,1
Navicula pusio,4,1
Navicula quadripartita,4,1
Navicula radiosa,4,1
Navicula radiosa var. acuta,4,1
Navicula radiosa var. tenella,4,1
Navicula ramosissima,4,1
Navicula ramosissima fo. amplia,4,1
Navicula ramosissima mucosa,4,1
Navicula ramosissima torquata,4,1
Navicula ramosissima var. mucosa,4,1
Navicula ramosissima var. torquata,4,1
Navicula recens,4,1
Navicula recondita,4,1
Navicula reichardtiana var. crassa,5,2
Navicula reichardtiana var. reichardtiana,5,2
Navicula reinhardtii,4,1
Navicula reinhardtii var. gracilior,4,1
Navicula resecta,4,1
Navicula restitua,4,1
Navicula retrocurvata,4,1
Navicula retusa,4,1
Navicula retusa var. cancellata,4,1
Navicula retusa var. gregorii,4,1
Navicula rhombica,4,1
Navicula rhombicula,4,1
Navicula rhomboides,4,1
Navicula rhynchocephala,4,1
Navicula rhynchocephala elongata,4,1
Navicula rhynchocephala var. amphiceros,4,1
Navicula rhynchocephala var. elongata,4,1
Navicula rhynchotella,4,1
Navicula riparia,4,1
Navicula rivularis,4,1
Navicula rossii,4,1
Navicula rostellata,4,1
Navicula rotula,4,1
Navicula rotunda,4,1
Navicula rudiformis,4,1
Navicula rudis,4,1
Navicula salinarum rostrata,4,1
Navicula salinarum var. intermedia,4,1
Navicula salinarum var. rostrata,4,1
Navicula salinarum var. salinarum,4,1
Navicula salinicola,4,1
Navicula sandriana,4,1
Navicula saprophila,5,1
Navicula saxophila,4,1
Navicula schadei,4,1
Navicula schmassmannii,4,1
Navicula schmidtii,4,1
Navicula schoenfeldii,4,1
Navicula schonkenii,4,1
Navicula schroeteri var. escambia,4,1
Navicula schroeteri var. schroeteri,4,1
Navicula scirpus,4,1
Navicula sculpta var. minima,4,1
Navicula scutelloides,4,1
Navicula scutum,4,1
Navicula semen,4,1
Navicula semihyalina,5,1
Navicula seminoides,4,1
Navicula seminuloides,4,1
Navicula seminulum,5,1
Navicula septentrionalis,4,1
Navicula similis,4,1
Navicula simplex,4,1
Navicula siofokensis,4,1
Navicula slesvicensis,4,1
Navicula small species,5,1
Navicula smithii,4,1
Navicula soehrensis,5,1
Navicula soehrensis var. capitata,5,1
Navicula soehrensis var. hassiaca,5,1
Navicula soehrensis var. muscicola,5,1
Navicula solaris,4,1
Navicula soodensis,5,1
Navicula sp.,4,1
Navicula spectabilis,4,1
Navicula spicula,4,1
Navicula spinifera,4,1
Navicula splendicula,4,1
Navicula sponsa,4,1
Navicula spuria,4,1
Navicula stankovici,4,1
Navicula stankovicii,4,1
Navicula strenzkei,5,1
Navicula striolata,4,1
Navicula stroemii,4,1
Navicula stroesei,4,1
Navicula stroesei var. lanceolata,4,1
Navicula subadnata,5,1
Navicula subatomoides,2,2
Navicula subbacillum,4,1
Navicula subcarinata,4,1
Navicula subcostulata,4,1
Navicula subforcipata,4,1
Navicula subfortis,4,1
Navicula subinflata,4,1
Navicula subinflatoides,4,1
Navicula sublucidula,5,1
Navicula subminuscula,5,1
Navicula submitis,5,1
Navicula submolesta,5,1
Navicula submuralis,5,1
Navicula subocculta,5,1
Navicula subplacentula,4,1
Navicula subprocera,4,1
Navicula subrhynchocephala,4,1
Navicula subrotundata,4,1
Navicula subseminulum,4,1
Navicula subtilissima,4,1
Navicula subtrophicatrix,4,1
Navicula suchlandtii,4,1
Navicula suecorum,4,1
Navicula supralitoralis,4,1
Navicula tackei,5,2
Navicula takoradiensis,5,2
Navicula tantula,4,1
Navicula taylori,4,1
Navicula taylorii,4,1
Navicula tenelloides,4,1
Navicula tenerrima,4,1
Navicula tenuicephala,4,1
Navicula tenuipunctata,4,1
Navicula texana,4,1
Navicula theeli,1,3
Navicula thiennemanii,4,1
Navicula thoroddsenii,4,1
Navicula torneensis,4,1
Navicula toulae,4,1
Navicula transitans derasa,4,1
Navicula transitans var. derasa,4,1
Navicula tridentula,5,1
Navicula tridentula var. parallela,4,1
Navicula tripunctata,4,2
Navicula tripunctata var. schizomenoides,4,2
Navicula trivialis var. trivialis,4,1
Navicula tuscula,4,1
Navicula tuscula fo. minor,4,1
Navicula tuscula var. capitata,4,1
Navicula tuscula var. obtusa,4,1
Navicula tuscula var. rostrata,4,1
Navicula tusculoides,4,1
Navicula twymaniana,5,1
Navicula ulvacea,4,1
Navicula undosa,4,1
Navicula undulata var. divergens,4,1
Navicula unilaterarea,4,1
Navicula upsaliensis,5,2
Navicula utermoehlii,4,1
Navicula vacillans,1,1
Navicula valdestriata,4,1
Navicula vanheurckii,3,1
Navicula vanhoeffenii,4,1
Navicula variabilis,1,3
Navicula variolinea,4,1
Navicula vasta,4,1
Navicula vaucheriae,5,1
Navicula venerablis,4,1
Navicula veneta,4,1
Navicula ventosa,4,1
Navicula ventralis,4,1
Navicula viridula,4,1
Navicula viridula abbreviata,4,1
Navicula viridula avenacea,4,1
Navicula viridula var. abbreviata,4,1
Navicula viridula var. linearis,4,1
Navicula viridula var. rostellata,4,1
Navicula viridula var. viridula fo. linearis,4,1
Navicula viridula var. vulpina,4,1
Navicula vitiosa,5,1
Navicula vula,4,1
Navicula vulpina,4,1
Navicula weinzierlii,4,1
Navicula wendlingii,4,1
Navicula wiesneri,4,1
Navicula zeta,4,1
Navicula zodhyi,4,1
Navicula zohdyi,4,1
Navicula zostereti,4,1
Navicula(dicta) difficillima,5,1
Navicula(dicta) hentiensis,0,5
Navicula(dicta) pseudosilicula,4,1
Navicula(dicta) seminulum,5,1
Naviculadicta absoluta,4,1
Naviculadicta brasiliana,4,1
Naviculadicta cosmopolitana,5,1
Naviculadicta digitulus,4,1
Naviculadicta hambergii,4,1
Naviculadicta laterostrata,4,1
Naviculadicta nana,5,1
Naviculadicta obdurata,4,1
Naviculadicta pseudoventralis,4,1
Naviculadicta schmassmannii,4,1
Naviculadicta spec.1,4,1
Naviculadicta vaucheriae,5,1
Naviculadicta ventraloconfusa,4,1
Navicymbula pusilla,2,1
Navicymbula pusilla var. pusilla,2,1
Navigeia decussis,4,1
Navigeia ignota,4,1
Navigeia modica,4,1
Navigeia paludosa,4,1
Navigeia thingvallae,4,1
Neidiomorpha binodeformis,2,3
Neidiomorpha binodiformis,2,3
Neidiomorpha binodis,2,3
Neidiopsis levanderi,4,1
Neidium affine,2,3
Neidium affine ceylonicum,2,3
Neidium affine humeris,2,3
Neidium affine var. amphirhynchus,2,3
Neidium affine var. ceylonicum,2,3
Neidium affine var. humerus,2,3
Neidium affine var. longiceps,2,3
Neidium affine var. undulata,2,3
Neidium alpinum,2,3
Neidium amphigomphus,2,3
Neidium ampliatum,2,3
Neidium apiculatum,2,3
Neidium bergii,2,3
Neidium binodeforme,2,3
Neidium binodis,2,3
Neidium bisulcatum subampliatum,2,3
Neidium bisulcatum subundulatum,2,3
Neidium bisulcatum var. bisulcatum,2,3
Neidium bisulcatum var. subampliatum,2,3
Neidium bisulcatum var. subundulatum,2,3
Neidium calvum,2,3
Neidium carteri,2,3
Neidium carterii,2,3
Neidium continentale,2,3
Neidium decoratum,2,3
Neidium decoratum var. bergii,2,3
Neidium densestriatum,2,3
Neidium dilatatum,2,3
Neidium distinctepunctatum,2,3
Neidium dubium,2,3
Neidium dubium fo. constricta,2,3
Neidium globiceps,2,3
Neidium globiceps fo. triundulata,2,3
Neidium hercynicum,2,3
Neidium hermannii,2,3
Neidium hitchcockii,2,3
Neidium hustedtii,2,3
Neidium inconspicuum,2,3
Neidium incurvum,2,3
Neidium iridis,2,3
Neidium iridis bryophilum,2,3
Neidium iridis conspicuum,2,3
Neidium iridis robusta,2,3
Neidium iridis subampliatum,2,3
Neidium iridis subundulatum,2,3
Neidium iridis var. amphigomphus,2,3
Neidium iridis var. ampliata,2,3
Neidium iridis var. bryophilum,2,3
Neidium iridis var. conspicua,2,3
Neidium iridis var. robusta,2,3
Neidium iridis var. subampliatum,2,3
Neidium iridis var. subundulatum,2,3
Neidium javanicum,2,3
Neidium juba,2,3
Neidium kozlowi,2,3
Neidium kozlowi var. ellipticum,2,3
Neidium kozlowi var. parvum,2,3
Neidium kozlowii ellipticum,2,3
Neidium kozlowii parvum,2,3
Neidium ladogensis,2,3
Neidium lineare,2,3
Neidium longiceps,2,3
Neidium maximum,2,3
Neidium meadeense,2,3
Neidium minutissimum,2,3
Neidium odamii,2,3
Neidium opulentum,2,3
Neidium perforatum,2,3
Neidium perforatum Schimanski,2,3
Neidium perminutum,2,3
Neidium productum,2,3
Neidium sacoense,2,3
Neidium sacoensis,2,3
Neidium septentrionalis,2,3
Neidium species,2,3
Neidium subampliatum,2,3
Neidium tenuissimum,2,3
Neidium testa,2,3
Nitzschia accedens,4,2
Nitzschia acicularioides,4,1
Nitzschia acicularis,4,1
Nitzschia acidoclinata,4,1
Nitzschia actinastroides,4,1
Nitzschia acula,4,2
Nitzschia acuminata subconstricta,4,1
Nitzschia adamata,4,1
Nitzschia aequorea,4,1
Nitzschia aerophila,4,1
Nitzschia agnita,4,1
Nitzschia alpina,4,1
Nitzschia amabilis,4,1
Nitzschia amphibia,4,1
Nitzschia amphibia fo abbreviata,5,3
Nitzschia amphibia fo rostrata,5,3
Nitzschia amphibia fo. amphibia,5,3
Nitzschia amphibia fo. frauenfeldii,5,3
Nitzschia amphibia fo. umbrosa,5,3
Nitzschia amphibia umbrosa,5,3
Nitzschia amphibia var. fossilis,5,3
Nitzschia amphibia var. umbrosa,5,3
Nitzschia amphibioides,4,1
Nitzschia amphiplectans,4,1
Nitzschia amplectens,4,1
Nitzschia angularis,4,1
Nitzschia angularis affinis,4,1
Nitzschia angularis var. affinis,4,1
Nitzschia angustata,4,1
Nitzschia angustata var. acuta,4,1
Nitzschia angustatula,4,1
Nitzschia angusteforaminata,4,1
Nitzschia archibaldii,4,1
Nitzschia armoricana,4,1
Nitzschia aurariae,4,1
Nitzschia austriaca,4,1
Nitzschia bacilliformis,4,1
Nitzschia bacillum,4,1
Nitzschia bavarica,4,1
Nitzschia behrei,4,1
Nitzschia bergii,4,1
Nitzschia bilobata,4,1
Nitzschia bilobata minor,4,1
Nitzschia bilobata var. minor,4,1
Nitzschia bremensis,4,1
Nitzschia bremensis var. brunswigensis,4,1
Nitzschia brevissima,4,1
Nitzschia bryophila,4,1
Nitzschia bulnheimiana,5,1
Nitzschia bulnheimiana capitata,5,1
Nitzschia bulnheimiana var. capitata,5,1
Nitzschia capensis,4,1
Nitzschia capitellata,4,1
Nitzschia capitellata subarcuata/frequens,4,1
Nitzschia capitellata tenuirostris,5,1
Nitzschia capitellata tenuirostris/subcapitellata,4,1
Nitzschia capitellata var. tenuirostris,5,1
Nitzschia clarissima,4,1
Nitzschia clausii,4,1
Nitzschia closterium,4,1
Nitzschia coarctata,4,1
Nitzschia communis,4,1
Nitzschia communis fo.lata,4,1
Nitzschia commutata,4,1
Nitzschia commutatoides,4,1
Nitzschia compressa,4,1
Nitzschia compressa var. balatonis,4,1
Nitzschia compressa var. elongata,4,1
Nitzschia compressa var. vexans,4,1
Nitzschia conferta,4,2
Nitzschia confinis,4,1
Nitzschia confusa,4,1
Nitzschia creticola,4,1
Nitzschia cursoria,4,1
Nitzschia curta,4,1
Nitzschia cylindrus,4,1
Nitzschia debilis,4,1
Nitzschia delicatissima,4,1
Nitzschia denticula,4,1
Nitzschia desertorum,4,1
Nitzschia dippelii,4,1
Nitzschia disputata,4,1
Nitzschia dissipata ssp.dissipata,5,2
Nitzschia dissipata var. media,5,2
Nitzschia distans var. distans,4,1
Nitzschia diversa,4,1
Nitzschia draveillensis,4,1
Nitzschia dubia,4,1
Nitzschia dubiiformis,4,1
Nitzschia ebroicensis,4,1
Nitzschia eglei,4,2
Nitzschia elegantula,4,1
Nitzschia epithemoides disputata,4,1
Nitzschia epithemoides var. disputata,4,1
Nitzschia epithemoides var. epithemoides,4,1
Nitzschia fasciculata,4,1
Nitzschia fibula-fissa,4,1
Nitzschia fibulafissa,4,1
Nitzschia filiformis conferta,4,2
Nitzschia filiformis var. conferta,4,2
Nitzschia filiformis var. filiformis,4,1
Nitzschia flexa,4,2
Nitzschia flexoides,4,2
Nitzschia fogedi,4,1
Nitzschia fonticola,3,2
Nitzschia fossalis,5,3
Nitzschia fossilis,5,3
Nitzschia frequens,4,1
Nitzschia frigida,4,1
Nitzschia frustulum,4,1
Nitzschia frustulum var. bulnheimiana,5,1
Nitzschia frustulum var. frustulum,5,1
Nitzschia frustulum var. perminuta,4,1
Nitzschia fruticosa,4,1
Nitzschia gandersheimiensis,4,1
Nitzschia gandersheimiensis tenuirostris,5,1
Nitzschia geitleri,4,2
Nitzschia gessneri,4,1
Nitzschia gisela,4,1
Nitzschia gotlandica,4,1
Nitzschia graciliformis,4,1
Nitzschia gracilis,4,1
Nitzschia habishawii,4,1
Nitzschia hadriatica,4,1
Nitzschia hantzschiana,4,1
Nitzschia harderi,4,1
Nitzschia heufleriana,4,1
Nitzschia hierosolymitana,4,1
Nitzschia hollerupensis,4,1
Nitzschia holsatica,4,1
Nitzschia homburgiensis,1,4
Nitzschia hyalina,4,1
Nitzschia hybrida,4,1
Nitzschia ignorata,4,1
Nitzschia improvisa,4,1
Nitzschia incognita,4,1
Nitzschia inconspicua,5,1
Nitzschia incrustans,4,1
Nitzschia incurva,4,1
Nitzschia incurva lorenziana,4,1
Nitzschia incurva var. lorenziana,4,1
Nitzschia incurva var. subtilis,4,1
Nitzschia ingens,0,1
Nitzschia insignis,4,1
Nitzschia insignis var. smithii,4,1
Nitzschia intermedia,4,1
Nitzschia irregularis,4,1
Nitzschia irremissa,4,1
Nitzschia juba,4,1
Nitzschia kerguelensis,4,1
Nitzschia kittlii,4,1
Nitzschia kuetzingioides,4,1
Nitzschia lacunarum,4,1
Nitzschia lacuum,4,1
Nitzschia laevis,4,1
Nitzschia lamprocampa,4,1
Nitzschia lanceolata,4,1
Nitzschia lanceolata var. incrustans,4,1
Nitzschia lauenburgiana,4,1
Nitzschia leistikowii,4,1
Nitzschia levidensis,4,1
Nitzschia liebetruthii var. liebetruthii,4,1
Nitzschia liebetruthii var. major,4,1
Nitzschia ligowskii,4,1
Nitzschia linearis var. linearis,4,1
Nitzschia linearis var. tenuis,4,1
Nitzschia linkei,4,1
Nitzschia littorea,4,1
Nitzschia longa,4,1
Nitzschia longissima,4,1
Nitzschia lorenziana,4,1
Nitzschia lorenziana subtilis,4,1
Nitzschia lorenziana var. incurva,4,1
Nitzschia lorenziana var. subtilis,4,1
Nitzschia macilenta,4,1
Nitzschia marginulata,4,1
Nitzschia marginulata var. didyma,4,1
Nitzschia marginulata var. marginulata,4,1
Nitzschia marina,4,1
Nitzschia martiana,4,1
Nitzschia media,5,2
Nitzschia microcephala,4,1
Nitzschia minuta,4,1
Nitzschia modesta,4,1
Nitzschia monachorum,4,1
Nitzschia nana,4,1
Nitzschia normanii,4,1
Nitzschia normannii,4,1
Nitzschia obtusa fo. parva,4,2
Nitzschia obtusa schweinfurthii,4,2
Nitzschia obtusa var. brevissima,4,1
Nitzschia obtusa var. scalpelliformis,4,2
Nitzschia obtusa var. schweinfurthii,4,2
Nitzschia obtusa var.obtusa,4,1
Nitzschia ovalis,4,1
Nitzschia palea debilis,5,1
Nitzschia palea tropica,5,1
Nitzschia palea var. debilis,5,1
Nitzschia palea var. palea,5,1
Nitzschia palea var. tenuirostris,5,1
Nitzschia palea var. tropica,5,1
Nitzschia paleacea,4,1
Nitzschia paleaeformis,4,1
Nitzschia palustris,4,1
Nitzschia panduriformis elegans,4,1
Nitzschia panduriformis minor,4,1
Nitzschia panduriformis var. panduriformis,4,1
Nitzschia parvula,4,1
Nitzschia peisonis,4,1
Nitzschia pellucida,4,1
Nitzschia perminuta,4,1
Nitzschia perspicua,4,1
Nitzschia perversa,4,1
Nitzschia petitiana,4,1
Nitzschia plana,4,1
Nitzschia polaris,4,1
Nitzschia prolongata hoehnkii,4,1
Nitzschia prolongata var. hoehnkii,4,1
Nitzschia prolongata var. prolongata,4,1
Nitzschia pseudocommunis,4,1
Nitzschia pseudofonticola,4,1
Nitzschia pumila,4,1
Nitzschia punctata constricta,4,1
Nitzschia pura,4,1
Nitzschia pusilla emend,4,2
Nitzschia radicula,4,1
Nitzschia recta,4,1
Nitzschia rectiformis,4,1
Nitzschia retusa,4,1
Nitzschia reversa,4,1
Nitzschia romana,4,1
Nitzschia rosenstockii,4,1
Nitzschia rostellata,4,1
Nitzschia salinarum,4,1
Nitzschia salinicola,4,1
Nitzschia scalaris,4,1
Nitzschia scalpelliformis,4,1
Nitzschia schwabei,4,1
Nitzschia section,4,2
Nitzschia semirobusta morphotype semirobusta,4,1
Nitzschia sigma,4,2
Nitzschia sigma fo. longissima,4,2
Nitzschia sigma intercedens,4,2
Nitzschia sigma rigida,4,2
Nitzschia sigma rigidula,4,2
Nitzschia sigma var. intercedens,4,2
Nitzschia sigma var. rigida,4,2
Nitzschia sigma var. rigidula,4,2
Nitzschia sigmoidea,4,2
Nitzschia sinuata,4,1
Nitzschia sinuata var. delognei,4,1
Nitzschia sinuata var. tabellaria,4,1
Nitzschia smithii,4,1
Nitzschia sociabilis,4,1
Nitzschia socialis,4,1
Nitzschia socialis var. baltica,4,1
Nitzschia solgensis,4,1
Nitzschia solita,4,1
Nitzschia spathulata var. hyalina,4,1
Nitzschia species,4,1
Nitzschia speciosa,4,2
Nitzschia subacicularis,4,1
Nitzschia subcapitellata,4,1
Nitzschia subcohaerens scotica,4,1
Nitzschia subcohaerens var. scotica,4,1
Nitzschia subconstricta,4,1
Nitzschia subfrequens,4,1
Nitzschia subfrustulum,4,1
Nitzschia subinvicta,4,1
Nitzschia sublinearis,4,1
Nitzschia subrostratoides,4,1
Nitzschia subtilis,4,1
Nitzschia suchlandtii,4,1
Nitzschia supralitorea,4,1
Nitzschia tabellaria,4,1
Nitzschia tenuis,4,1
Nitzschia tenuissima,4,1
Nitzschia terrestris,4,1
Nitzschia terricola,4,1
Nitzschia thermaloides,4,1
Nitzschia tropica,4,1
Nitzschia tryblionella,3,1
Nitzschia tryblionella maxima,4,1
Nitzschia tryblionella recta,4,1
Nitzschia tryblionella var. debilis,4,1
Nitzschia tryblionella var. levidensis,4,1
Nitzschia tryblionella var. maxima,4,1
Nitzschia tryblionella var. recta,4,1
Nitzschia tryblionella var. victoriae,4,1
Nitzschia tubicola,4,1
Nitzschia umbonata,5,3
Nitzschia vacua,4,1
Nitzschia valdecostata,4,1
Nitzschia valdestriata,4,1
Nitzschia vasta,4,1
Nitzschia vermicularis,4,2
Nitzschia vermicularis var. flexa,4,2
Nitzschia vexans,4,1
Nitzschia vitrea fo. major,4,1
Nitzschia vitrea major,4,1
Nitzschia vitrea var. major,4,1
Nitzschia vitrea var. vitrea,4,1
Nitzschia wodensis,4,1
Nitzschia wuellerstorffii,4,2
Nitzschia wuellerstorfii,4,2
Nitzschia yalahau,4,1
Nupela bicapitata,3,1
Nupela fennica,4,1
Nupela gracillima,5,2
Nupela imperfecta,4,1
Nupela impexiformis,4,1
Nupela lapidosa var. lapidosa,4,1
Nupela neogracillima,5,2
Nupela pennsylvanica,4,1
Nupela rhetica,3,1
Nupela silvahercynia,3,1
Nupela subrostrata,4,1
Nupela tenuicephala,4,1
Nupela vitiosa,5,1
Odontidium anceps,2,1
Odontidium mesodon,2,2
Oestrupia ergadensis,1,3
Opephora,5,2
Opephora schwartzii,5,2
Opephora sp.,5,2
Opephoropsis schwartzii,5,2
Oxyneis,2,3
Oxyneis apporrecta,2,3
Oxyneis binalis,2,3
Oxyneis sp.,2,3
Paraplaconeis placentula,4,1
Paraplaconeis subplacentula,4,1
Parlibellus crucicula,4,1
Parlibellus cruciculoides,4,1
Parlibellus delognei,4,1
Parlibellus delognei var. pararhombica,4,1
Parlibellus delognei var. remotiva,4,1
Parlibellus ellipticus,4,1
Parlibellus hamulifer,4,1
Parlibellus hamulifera,4,1
Parlibellus hamulifera var. plicata,4,1
Parlibellus protracta,4,1
Parlibellus protractus subcapitatus,4,1
Parlibellus protractus var. subcapitatus,4,1
Parlibellus rhombicula,4,1
Parlibellus rhombicus,4,1
Parlibellus weissflogii,5,2
Pauliella taeniata,3,1
Pennate diatom,3,1
Peronia,1,3
Peronia brasiliensis,1,3
Peronia fibula,1,3
Peronia sp.,1,3
Peroniopsis brasiliensis,1,3
Petrodictyon gemma,3,1
Petrodictyon voigtii,3,1
Petroneis,4,1
Petroneis granulata,4,1
Petroneis humerosa,4,1
Petroneis humerosa var. constricta,4,1
Petroneis humerosa var. minor,4,1
Petroneis latissima,4,1
Petroneis menaiana,4,1
Petroneis monilifera,4,1
Petroneis sp.,4,1
Pinnuavis aleemii,4,1
Pinnuavis elegans,4,1
Pinnuavis genustriata,4,1
Pinnularia abaujensis,1,3
Pinnularia abaujensis lacustris,1,3
Pinnularia abaujensis linearis,1,3
Pinnularia abaujensis rostrata,1,3
Pinnularia abaujensis subundulata,1,3
Pinnularia abaujensis var. lacustris,1,3
Pinnularia abaujensis var. linearis,1,3
Pinnularia abaujensis var. rostrata,1,3
Pinnularia abaujensis var. subundulata,1,3
Pinnularia abbreviata,1,3
Pinnularia acoricola var. acoricola,1,3
Pinnularia acrosphaeria undulata,1,3
Pinnularia acrosphaeria var. undulata,1,3
Pinnularia acuminata fo. interrupta,1,3
Pinnularia aestuarii,1,3
Pinnularia alpina,1,3
Pinnularia amaniana,1,3
Pinnularia ambigua,1,3
Pinnularia angulata,1,3
Pinnularia angulosa,1,3
Pinnularia angusta var. angusta,1,3
Pinnularia angustarea,1,3
Pinnularia appendiculata,1,3
Pinnularia appendiculata amaniana,1,3
Pinnularia appendiculata var. amaniana,1,3
Pinnularia ardnamurchan,1,3
Pinnularia bacilla,1,3
Pinnularia balatonis,1,3
Pinnularia balfouriana,1,3
Pinnularia baltica,1,3
Pinnularia biceps fo. petersenii,1,3
Pinnularia biceps var. amphicephala,1,3
Pinnularia biceps var. biceps,1,3
Pinnularia biclavata,1,3
Pinnularia bicuneata,1,3
Pinnularia biglobosa,1,3
Pinnularia bilobata,1,3
Pinnularia bipectinalis,1,3
Pinnularia bistriata,1,3
Pinnularia biundulata,1,3
Pinnularia boecheri,1,3
Pinnularia bogotensis,1,3
Pinnularia borealis fo. rectangularis,1,3
Pinnularia borealis scalaris,1,3
Pinnularia borealis var. borealis,1,3
Pinnularia borealis var. brevicostata,1,3
Pinnularia borealis var. scalaris,1,3
Pinnularia borealis var. undata,1,3
Pinnularia borealis var. undulata,1,3
Pinnularia bottnica,1,3
Pinnularia bourrellyi,1,3
Pinnularia brandelii,1,3
Pinnularia brauniana,1,3
Pinnularia braunii,1,3
Pinnularia braunii var. amphicephala,1,3
Pinnularia brebissonii bicuneata,1,3
Pinnularia brebissonii var. bicuneata,1,3
Pinnularia brebissonii var. brebissonii,1,3
Pinnularia brebissonii var. curta,1,3
Pinnularia brebissonii var. diminuta,1,3
Pinnularia brebissonii var. linearis,1,3
Pinnularia brebissonii var. notata,1,3
Pinnularia brebissonii var. truncata,1,3
Pinnularia brevicostata,1,3
Pinnularia brevicostata triangulata,1,3
Pinnularia brevicostata var. triangulata,1,3
Pinnularia brevistriata,1,3
Pinnularia britannica,1,3
Pinnularia canadodivergens,1,3
Pinnularia cardinaliculus,1,3
Pinnularia cardinalis,1,3
Pinnularia carlsonii,1,3
Pinnularia carminata,1,3
Pinnularia caudata,1,3
Pinnularia claasseniae,1,3
Pinnularia claviculus,1,3
Pinnularia cleveana,1,3
Pinnularia cleveana fo. stauroneiformis,1,3
Pinnularia clevei var. clevei,1,3
Pinnularia commutata,1,3
Pinnularia costata,1,3
Pinnularia cruciformis,1,3
Pinnularia cruciformis faeroeensis,1,3
Pinnularia cruciformis var. faeroensis,1,3
Pinnularia cuneata,1,3
Pinnularia cuneata reducta,1,3
Pinnularia cuneata var. reducta,1,3
Pinnularia cuneola,1,3
Pinnularia dactylus,1,3
Pinnularia debilis,1,3
Pinnularia decrescens,1,3
Pinnularia decrescens var. decrescens,1,3
Pinnularia decrescens var. ventricosa,1,3
Pinnularia decrescens ventricosa,1,3
Pinnularia discifera,1,3
Pinnularia distinguenda var. distinguenda,1,3
Pinnularia divergens,1,3
Pinnularia divergens fo. fontellii,1,3
Pinnularia divergens var. bacillaris,1,3
Pinnularia divergens var. divergens,1,3
Pinnularia divergens var. elliptica,1,3
Pinnularia divergens var. laticeps,1,3
Pinnularia divergens var. sublinearis,1,3
Pinnularia divergens var. undulata,1,3
Pinnularia divergentissima ardnamurchan,1,3
Pinnularia divergentissima subacuta,1,3
Pinnularia divergentissima var. ardnamurchan,1,3
Pinnularia divergentissima var. subacuta,1,3
Pinnularia divergentissima var. subrostrata,1,3
Pinnularia divergentissima var. undulata,1,3
Pinnularia domingensis var. domingensis,1,3
Pinnularia dubitabilis var. dubitabilis,1,3
Pinnularia episcopalis,1,3
Pinnularia ergadensis,1,3
Pinnularia ergadensis var. minor,1,3
Pinnularia erratica,1,3
Pinnularia erratica var. erratica,1,3
Pinnularia esox,1,3
Pinnularia esox gracilescens,1,3
Pinnularia esox var. gracilescens,1,3
Pinnularia fasciata,3,1
Pinnularia flexuosa,1,3
Pinnularia fontellii,1,3
Pinnularia fritschii,1,3
Pinnularia fritschii lata,1,3
Pinnularia fritschii var. lata,1,3
Pinnularia gentilis,1,3
Pinnularia gibba,1,3
Pinnularia gibba var. linearis,1,3
Pinnularia gibba var. mesogongyla,1,3
Pinnularia gibba var. mesogongyla fo. constricta,1,3
Pinnularia gibbiformis,1,3
Pinnularia globiceps var. globiceps,1,3
Pinnularia globiceps var. krockii,1,3
Pinnularia gracillima,1,3
Pinnularia hemiptera,1,3
Pinnularia hemiptera var. inconstans,1,3
Pinnularia hemiptera var. interrupta,1,3
Pinnularia hilseana,1,3
Pinnularia iatriaensis,1,3
Pinnularia ignobilis,1,3
Pinnularia imperfecta,1,3
Pinnularia incerta,1,3
Pinnularia inconstans,1,3
Pinnularia incrassata,1,3
Pinnularia infirma,1,3
Pinnularia inflata,1,3
Pinnularia insociabilis,1,3
Pinnularia intermedia,1,3
Pinnularia interrupta,1,3
Pinnularia interruptiformis,1,3
Pinnularia irrorata,1,3
Pinnularia islandica,1,3
Pinnularia isostauron,1,3
Pinnularia karelica,1,3
Pinnularia karelica var. stauroneiformis,1,3
Pinnularia kneuckerii,1,3
Pinnularia krasskei,1,3
Pinnularia krasskei var. ventricosa,1,3
Pinnularia kriegeriana,1,3
Pinnularia krookii,1,3
Pinnularia kuolensis,1,3
Pinnularia lacunicola,1,3
Pinnularia lagerheimii,1,3
Pinnularia lagerstedtii,1,3
Pinnularia lapponica,1,3
Pinnularia lata,1,3
Pinnularia lata latestriata,1,3
Pinnularia lata var. costata,1,3
Pinnularia lata var. latestriata,1,3
Pinnularia lata var. rabenhorstii,1,3
Pinnularia lata var. thuringiaca,1,3
Pinnularia latevittata,1,3
Pinnularia laticeps,1,3
Pinnularia legumen,1,3
Pinnularia legumen var. florentina,1,3
Pinnularia legumen var. undula,1,3
Pinnularia lenticula,5,2
Pinnularia leptosoma,1,3
Pinnularia lundii var. baltica,1,3
Pinnularia macilenta,1,3
Pinnularia major,1,3
Pinnularia major convergens,1,3
Pinnularia major horrida,1,3
Pinnularia major var. convergens,1,3
Pinnularia major var. horrida,1,3
Pinnularia major var. linearis,1,3
Pinnularia major var. pulchella,1,3
Pinnularia mayarum,3,0
Pinnularia mayeri,1,3
Pinnularia mediocris,5,1
Pinnularia mesogongyla,1,3
Pinnularia mesolepta tenuis,1,3
Pinnularia mesolepta var. angusta,1,3
Pinnularia mesolepta var. mesolepta,1,3
Pinnularia mesolepta var. tenuis,1,3
Pinnularia microstauron angusta,1,3
Pinnularia microstauron fo. diminuta,1,3
Pinnularia microstauron nonfasciata,1,3
Pinnularia microstauron var. biundulata,1,3
Pinnularia microstauron var. brebissonii,1,3
Pinnularia microstauron var. microstauron,4,1
Pinnularia microstauron var. nonfasciata,1,3
Pinnularia minuta,1,3
Pinnularia molaris,1,3
Pinnularia montium,1,3
Pinnularia neglecta,1,3
Pinnularia neomajor cuneata,1,3
Pinnularia neomajor intermedia,1,3
Pinnularia neomajor var. cuneata,1,3
Pinnularia neorabenhorstii,1,3
Pinnularia nobilis inariensis,1,3
Pinnularia nobilis var. cuneata,1,3
Pinnularia nobilis var. inariensis,1,3
Pinnularia nodosa var. capitata,1,3
Pinnularia nodosa var. nodosa,1,3
Pinnularia obscura,1,3
Pinnularia obscuriformis,1,3
Pinnularia parvula,1,3
Pinnularia paschalis,1,3
Pinnularia peragalli,1,3
Pinnularia perinterrupta,1,3
Pinnularia platycephala,1,3
Pinnularia polyonca var. polyonca,1,3
Pinnularia pulchella var. pulchella,1,3
Pinnularia pulchra,1,3
Pinnularia pulchra var. subtilis,1,3
Pinnularia quadratarea subproducta,1,3
Pinnularia quadratarea theelii,1,3
Pinnularia quadratarea var. minor,1,3
Pinnularia quadratarea var. quadratarea,1,3
Pinnularia quadratarea var. soederlundii,1,3
Pinnularia quadratarea var. subproducta,1,3
Pinnularia quadratarea var. theelii,1,3
Pinnularia rabenhorstii var. rabenhorstii,1,3
Pinnularia ranauensis,1,3
Pinnularia rangoonensis,1,3
Pinnularia rectangulata,1,3
Pinnularia rectangulata var. subundulata,1,3
Pinnularia rhombarea var. biundulata,1,3
Pinnularia rupestris,1,3
Pinnularia ruttneri,1,3
Pinnularia saxicola,1,3
Pinnularia schroederi,3,1
Pinnularia schroederii,1,3
Pinnularia schwabei,1,3
Pinnularia semicruciata,1,3
Pinnularia silvatica,1,3
Pinnularia similiformis,1,3
Pinnularia similis,1,3
Pinnularia similis fo. recta,1,3
Pinnularia sistassa,1,3
Pinnularia species,1,3
Pinnularia spitsbergensis,1,3
Pinnularia stauntonii,1,3
Pinnularia staurocuneata,2,1
Pinnularia stauroptera,1,3
Pinnularia stauroptera subcapitata,1,3
Pinnularia stomatophora erlangensis,1,3
Pinnularia stomatophora var. erlangensis,1,3
Pinnularia stomatophora var. gibbosa,1,3
Pinnularia stomatophora var. stomatophora,1,3
Pinnularia stomatophoroides,1,3
Pinnularia stomatophoroides var. ornata,1,3
Pinnularia streptoraphe var. minor,1,3
Pinnularia streptoraphe var. streptoraphe,1,3
Pinnularia styliformis,1,3
Pinnularia subcapitata,1,3
Pinnularia subcapitata var. elliptica,1,3
Pinnularia subcapitata var. hilseana,1,3
Pinnularia subcapitata var. paucistriata,1,3
Pinnularia subcapitata var. stauroneiformis fo. subcuneata,2,1
Pinnularia subcapitata var. subcapitata,1,3
Pinnularia subdivergens,4,1
Pinnularia subgigas,1,3
Pinnularia sublanceolata,1,3
Pinnularia subnodosa,1,3
Pinnularia subpulchra,1,3
Pinnularia subrabenhorstii,1,3
Pinnularia subrostrata,1,3
Pinnularia subrupestris var. subrupestris,1,3
Pinnularia subsolaris,1,3
Pinnularia substomatophora,1,3
Pinnularia subviridis,1,3
Pinnularia suchlandtii,1,3
Pinnularia sudetica,1,3
Pinnularia sudetica britannica,1,3
Pinnularia sudetica var. leptogongyla,1,3
Pinnularia superdivergentissima,1,3
Pinnularia termitina,1,3
Pinnularia tibetana,1,3
Pinnularia tirolensis julma,1,3
Pinnularia tirolensis var. julma,1,3
Pinnularia transversa,1,3
Pinnularia trevelyana,1,3
Pinnularia tropica,1,3
Pinnularia undulata,1,3
Pinnularia undulatodivergens,1,3
Pinnularia vastoides,1,3
Pinnularia ventricodecrescens,1,3
Pinnularia viridiformis var. viridiformis morphotype 1,1,3
Pinnularia viridis diminuta,1,3
Pinnularia viridis mayeri,1,3
Pinnularia viridis var. clevei,1,3
Pinnularia viridis var. commutata,1,3
Pinnularia viridis var. diminuta,1,3
Pinnularia viridis var. fallax,1,3
Pinnularia viridis var. intermedia,1,3
Pinnularia viridis var. mayeri,1,3
Pinnularia viridoides,1,3
Pinnularia westii,1,3
Pinnunavis aleemii,4,1
Pinnunavis armoricana,4,1
Pinnunavis elegans,4,1
Pinnunavis genustriata,4,1
Placogeia kriegeri,4,1
Placogeia similis,4,1
Placoneis abiskoensis,4,1
Placoneis abundans,4,1
Placoneis amphibola,4,1
Placoneis anglica,4,1
Placoneis anglophila,4,1
Placoneis anglophila signata,4,1
Placoneis anglophila var. signata,4,1
Placoneis clementioides,4,1
Placoneis clementis,4,1
Placoneis clementis var. cuneata,4,1
Placoneis clementis var. linearis,4,1
Placoneis constans,4,1
Placoneis dicephala,4,1
Placoneis elginensis,4,1
Placoneis elginensis neglecta,4,1
Placoneis elginensis var. neglecta,4,1
Placoneis elginensis var. rostrata,4,1
Placoneis exigua,4,1
Placoneis exiguiformis,4,1
Placoneis explanata,4,1
Placoneis gastrum,4,1
Placoneis geitleri,4,1
Placoneis hambergii,4,1
Placoneis ignorata,4,1
Placoneis interglacialis,4,1
Placoneis lucinensis,4,1
Placoneis navicularis,4,1
Placoneis opportuna,4,1
Placoneis placentula,4,1
Placoneis placentula fo. rostrata,4,1
Placoneis placentula jenisseyensis,4,1
Placoneis placentula var. apiculata,4,1
Placoneis placentula var. jenisseyensis,4,1
Placoneis placentula var. maculata,4,1
Placoneis porifera,4,1
Placoneis porifera var. opportuna,4,1
Placoneis pseudanglica,4,1
Placoneis rostrata,4,1
Placoneis signata,4,1
Placoneis sp.,4,1
Placoneis subplacentula,4,1
Placoneis symmetrica,4,1
Placoneis undulata,4,1
Planothidium abbreviatum,3,1
Planothidium calcar,5,2
Planothidium capitatum,5,2
Planothidium daui,5,2
Planothidium delicatulum,5,2
Planothidium dispar,5,2
Planothidium distinctum,5,2
Planothidium ellipticum,5,2
Planothidium engelbrechtii,5,2
Planothidium fonticolanceolatum,2,2
Planothidium fragilarioides,5,2
Planothidium granum,5,2
Planothidium hauckianum,5,2
Planothidium haynaldii,5,2
Planothidium holstii,3,1
Planothidium joursacense,5,2
Planothidium lanceolatum,5,2
Planothidium lanceolatum fo.ventricosa,5,2
Planothidium lanceolatum haynaldii,5,2
Planothidium lanceolatum var. bimaculatum,5,2
Planothidium lanceolatum var. elliptica,5,2
Planothidium lanceolatum var. genuinum,5,2
Planothidium lemmermannii,3,1
Planothidium lilljeborgei,3,1
Planothidium linkei,2,2
Planothidium oestrupii,5,2
Planothidium peragallii,5,2
Planothidium pericavum,3,1
Planothidium polare,2,2
Planothidium polaris,2,2
Planothidium pseudotanense,3,1
Planothidium pungens,5,2
Planothidium rostratum,3,1
Planothidium septentrionale,5,2
Planothidium septentrionalis,5,2
Planothidium stewartii,3,1
Platessa conspicua,5,2
Platessa holsatica,3,1
Platessa hustedtii,2,2
Platessa lutheri,3,1
Platessa montana,3,1
Platessa oblongella,1,2
Platessa rupestris,3,1
Platessa saxonica,3,1
Platessa stewartii,3,1
Platessa ziegleri,3,1
Playaensis citrus,4,1
Pleurosigma nodiferum,5,2
Pleurosigma sciotoense,5,2
Praestephanos triporus,4,1
Prestauroneis crucicula,4,1
Prestauroneis integra,4,1
Prestauroneis protracta,4,1
Prestauroneis protracta elliptica,4,1
Proboscia capitata,4,1
Proschkinia bulnheimii,4,1
Proschkinia bulnheimii belgica,4,1
Proschkinia bulnheimii var. belgica,4,1
Proschkinia complanata,4,1
Proschkinia complanatula,4,1
Proschkinia longirostris,4,1
Proschkinia poretskayae,4,1
Proschkinia poretzkajae,4,1
Psammococconeis brasiliensis,1,3
Psammodictyon,4,1
Psammodictyon constrictum,4,1
Psammodictyon panduriforme,4,1
Psammodictyon panduriforme var. minor,4,1
Psammodictyon sp.,4,1
Psammosynedra closterioides,4,1
Psammothidium,3,1
Psammothidium abundans fo. rosenstockii,2,2
Psammothidium altaicum,3,1
Psammothidium bioretii,3,1
Psammothidium chlidanos,3,1
Psammothidium curtissimum,3,1
Psammothidium daonense,3,1
Psammothidium didymum,3,1
Psammothidium frigidum,3,1
Psammothidium grischunum,3,1
Psammothidium helveticum,3,1
Psammothidium hustedtii,2,2
Psammothidium kryophilum,3,1
Psammothidium kuelbsii,3,1
Psammothidium lacus-vulcani,3,1
Psammothidium lauenburgianum,4,2
Psammothidium levanderi,3,1
Psammothidium marginulatum,3,1
Psammothidium metakryophilum,3,1
Psammothidium microscopicum,3,1
Psammothidium montanum,3,1
Psammothidium oblongellum,1,2
Psammothidium perpusillum,3,1
Psammothidium pseudopunctulatum,3,1
Psammothidium pseudoswazi,3,1
Psammothidium pseudoswazii,3,1
Psammothidium rechtense,3,1
Psammothidium rechtensis,3,1
Psammothidium reversum,2,2
Psammothidium rosenstockii,2,2
Psammothidium rossii,3,1
Psammothidium sacculum,3,1
Psammothidium sacculus,3,1
Psammothidium scoticum,3,1
Psammothidium semiapertum,3,1
Psammothidium sp.,3,1
Psammothidium subatomoides,2,2
Psammothidium subsalsum,3,1
Psammothidium thienemannii,3,1
Psammothidium ventrale,3,1
Pseudo-nitzschia delicatissima,4,1
Pseudofallacia monoculata,4,1
Pseudofallacia occulta,4,1
Pseudofallacia tenera,4,1
Pseudonitzschia arenysensis,4,1
Pseudonitzschia australis,4,1
Pseudonitzschia delicatissima,4,1
Pseudonitzschia galaxiae,4,1
Pseudonitzschia multiseries,4,1
Pseudonitzschia multistriata,3,1
Pseudostaurosira,2,1
Pseudostaurosira brevistriata,2,2
Pseudostaurosira brevistriata inflata,2,2
Pseudostaurosira brevistriata var. inflata,2,2
Pseudostaurosira brevistriata var. trigibba,2,2
Pseudostaurosira brevistriata var. turgida,2,2
Pseudostaurosira elliptica,4,1
Pseudostaurosira parasitica,4,1
Pseudostaurosira parasitica var. subconstricta,4,1
Pseudostaurosira pseudoconstruens,2,1
Pseudostaurosira robusta,2,1
Pseudostaurosira sp.,2,1
Pseudostaurosira subconstricta,4,1
Pseudostaurosira subsalina,4,1
Pseudostaurosira zeilleri,2,1
Pulchella kriegeriana,1,3
Pulchella schwabei,1,3
Pulchellophycus kriegerianus,1,3
Pulchellophycus schwabei,1,3
Punctastriata,4,1
Punctastriata glubokoensis,4,1
Punctastriata lancettula,4,1
Punctastriata linearis,4,1
Punctastriata ovalis,4,1
Punctastriata sp.,4,1
Reimeria,4,3
Reimeria capitata,4,3
Reimeria ovata,4,3
Reimeria sinuata,4,3
Reimeria sinuata fo. antiqua,4,3
Reimeria sinuata fo. ovata,4,3
Reimeria sp.,4,3
Rexlowea navicularis,4,1
Rhoicosigma arcticum,5,2
Rhoicosigma compactum,5,2
Rhoicosphenia,5,1
Rhoicosphenia abbreviata,5,1
Rhoicosphenia baltica,5,1
Rhoicosphenia curvata,5,1
Rhoicosphenia curvata var. baltica,5,1
Rhoicosphenia curvata var. fracta,5,1
Rhoicosphenia flexa,5,1
Rhoicosphenia fracta,5,1
Rhoicosphenia fracta var. baltica,5,1
Rhoicosphenia marina,5,1
Rhoicosphenia pullus,5,1
Rhoicosphenia sp.,5,1
Rhoicosphenia stauroneiformis,5,1
Rhopalodia acuminata protracta,1,1
Rhopalodia acuminata var. acuminata,1,1
Rhopalodia acuminata var. protracta,1,1
Rhopalodia brebissonii,1,1
Rhopalodia constricta,1,1
Rhopalodia dubia,1,1
Rhopalodia gibba minuta,1,1
Rhopalodia gibba var. gibba,1,1
Rhopalodia gibba var. minuta,1,1
Rhopalodia gibba var. parallela,1,1
Rhopalodia gibba var. ventricosa,1,1
Rhopalodia gibba ventricosa,1,1
Rhopalodia gibberula,1,1
Rhopalodia gibberula producta,1,1
Rhopalodia gibberula vanheurckii,1,1
Rhopalodia gibberula var. argentina,1,1
Rhopalodia gibberula var. gravida,1,1
Rhopalodia gibberula var. producta,1,1
Rhopalodia gibberula var. protracta,1,1
Rhopalodia gibberula var. rupestris,1,1
Rhopalodia gibberula var. vanheurckii,1,1
Rhopalodia hirundiniformis var. parva,1,1
Rhopalodia holsatica,1,1
Rhopalodia musculus,1,1
Rhopalodia operculata,1,1
Rhopalodia operculata var. constricta,1,1
Rhopalodia pacifica,3,1
Rhopalodia rupestris,1,1
Rhopalodia species,1,1
Rossithidium duthii,4,3
Rossithidium kreigeri,3,1
Rossithidium linearis,2,2
Rossithidium nodosum,2,2
Rossithidium petersenii,2,2
Rossithidium pusillum,2,2
Rossithidium silvahercynia,3,1
Scolioneis brunkseiensis,4,1
Scolioneis tumida,4,1
Scoliopleura,4,1
Scoliopleura brunkseiensis,4,1
Scoliopleura peisonis,4,1
Scoliopleura sp.,4,1
Scoliopleura tumida,4,1
Scoliopleura tumida var. adriatica,4,1
Sellaphora absoluta,4,1
Sellaphora americana,4,1
Sellaphora arvensis,5,1
Sellaphora bacilloides,4,1
Sellaphora bacillum,4,1
Sellaphora bacillum lepida,4,1
Sellaphora bacillum var.,4,1
Sellaphora bacillum var. lepida,4,1
Sellaphora becaresii,5,1
Sellaphora cosmopolitana,5,1
Sellaphora digna,4,1
Sellaphora disjuncta,4,1
Sellaphora elliptica,4,1
Sellaphora fusticulus,4,1
Sellaphora gregoryana,4,1
Sellaphora harderi,5,1
Sellaphora hustedtii,4,1
Sellaphora joubaudii,5,1
Sellaphora laevissima,4,1
Sellaphora laticeps,4,1
Sellaphora medioconvexa,4,1
Sellaphora minima,5,1
Sellaphora mutata,4,1
Sellaphora mutatoides,4,1
Sellaphora nana,5,1
Sellaphora nyassensis,4,1
Sellaphora obdurata,4,1
Sellaphora pseudoarvensis,5,1
Sellaphora pseudopupula,4,1
Sellaphora pseudoventralis,4,1
Sellaphora pupula,4,1
Sellaphora pupula fo. rostrata,4,1
Sellaphora pupula var. aquaeductae,4,1
Sellaphora pupula var. elliptica,4,1
Sellaphora pupula var. mutata,4,1
Sellaphora pupula var. rectangularis,4,1
Sellaphora pupula var. subcapitata,4,1
Sellaphora radiosa,5,1
Sellaphora rectangularis,4,1
Sellaphora rostrata,4,1
Sellaphora rotunda,4,1
Sellaphora schadei,4,1
Sellaphora seminulum,5,1
Sellaphora species,4,1
Sellaphora stroemii,4,1
Sellaphora subbacillum,4,1
Sellaphora submuralis,5,1
Sellaphora subrotundata,4,1
Sellaphora subseminulum,4,1
Sellaphora tridentula,5,1
Sellaphora utermoehlii,4,1
Sellaphora ventraloconfusa,4,1
Sellaphora verecundiae,5,1
Sellaphora vitabunda,5,1
Sellaphora weinzierlii,4,1
Sellaphora wummensis,4,1
Seminavis macilenta,5,1
Seminavis pusilla,2,1
Seminavis ventricosa,5,1
Semiorbis,1,3
Semiorbis catillifera,1,3
Semiorbis hemicyclus,1,3
Semiorbis rotundus,1,3
Semiorbis sp.,1,3
Shionodiscus endoseriatus,1,1
Sieminskia zeta,4,1
Simonsenia,4,1
Simonsenia delognei,4,1
Simonsenia sp.,4,1
Skabitschewskia aperta,3,1
Skabitschewskia borealis,3,1
Skabitschewskia oestrupii,5,2
Skabitschewskia peragalloi,5,2
Skabitschewskia pungens,5,2
Spicaticribra kodaikanaliana,4,1
Stauroforma exiguiformis,2,1
Stauroneis acuta,5,2
Stauroneis africana,5,2
Stauroneis africana var. acuminata,5,2
Stauroneis agrestis,5,2
Stauroneis alpina,5,2
Stauroneis amphioxys obtusa,5,2
Stauroneis amphioxys var. obtusa,5,2
Stauroneis amphoroides,5,2
Stauroneis anceps,5,2
Stauroneis anceps fo. gracilis,5,2
Stauroneis anceps fo. linearis,5,2
Stauroneis anceps javanica,5,2
Stauroneis anceps linearis,5,2
Stauroneis anceps var. hyalina,5,2
Stauroneis anceps var. javanica,5,2
Stauroneis anceps var. rhomboidalis fo. linearis,5,2
Stauroneis anceps var. siberica,5,2
Stauroneis ancepsfallax,5,2
Stauroneis angustevittata,5,2
Stauroneis biundulata,5,2
Stauroneis borgei,5,2
Stauroneis borrichii,5,2
Stauroneis branderii,5,2
Stauroneis charlesreimeri,5,2
Stauroneis constricta,5,2
Stauroneis decipiens,5,2
Stauroneis dilatata,5,2
Stauroneis elata,5,2
Stauroneis gracilior,5,2
Stauroneis gracilis,5,2
Stauroneis gracillima,5,2
Stauroneis hyperborea,5,2
Stauroneis javanica,5,2
Stauroneis javanica fo. lapponica,5,2
Stauroneis joignerezii,5,2
Stauroneis kriegeri,5,2
Stauroneis kriegerii fo. undulata,5,2
Stauroneis lapidicola,5,2
Stauroneis lapponica,5,2
Stauroneis laterostrata,5,2
Stauroneis lauenburgiana,5,2
Stauroneis lauenburgiana fo. angulata,5,2
Stauroneis legumen,5,2
Stauroneis lundii,5,2
Stauroneis montana,5,2
Stauroneis montana var. lanceolata,5,2
Stauroneis muriella,5,2
Stauroneis nana,5,1
Stauroneis neohyalina,5,2
Stauroneis nobilis,5,2
Stauroneis obtusa,5,2
Stauroneis paludosa,5,2
Stauroneis palustris,5,2
Stauroneis parathermicola,5,2
Stauroneis phoenicenteron,5,2
Stauroneis phoenicenteron fo. gracilis,5,2
Stauroneis phoenicenteron var. brunii,5,2
Stauroneis producta,5,2
Stauroneis prominula,5,2
Stauroneis pseudosmithii,5,2
Stauroneis pseudosubobtusoides,5,2
Stauroneis pseudosuboptusoides,5,2
Stauroneis quadripedis,5,2
Stauroneis recondita,5,2
Stauroneis sagitta,5,2
Stauroneis salina,5,2
Stauroneis schimanskii,5,2
Stauroneis schulzii,5,2
Stauroneis septentrionalis,5,2
Stauroneis siberica,5,2
Stauroneis siberica var. siberica,5,2
Stauroneis simulans,5,2
Stauroneis smithii,5,2
Stauroneis smithii var. borgei,5,2
Stauroneis smithii var. incisa,5,2
Stauroneis smithii var. sagitta,5,2
Stauroneis species,5,2
Stauroneis spicula,4,1
Stauroneis subalpina,5,2
Stauroneis tackei,5,2
Stauroneis thermicola,5,2
Stauroneis thienemannii,3,1
Stauroneis thienemannii fo. simplex,3,1
Stauroneis turfosa,4,1
Stauroneis undata,5,2
Stauroneis ursamaioris,3,1
Stauronella amphoroides,5,2
Staurophora elata,5,2
Staurophora salina,5,2
Staurophora soodensis,5,1
Staurophora tackei,5,2
Stauropsis membranacea,5,2
Staurosira alpestris,2,1
Staurosira berolinensis,4,1
Staurosira binodis,4,1
Staurosira brevistriata,2,2
Staurosira construens,4,1
Staurosira construens exigua,4,1
Staurosira construens fo. subsalina,4,1
Staurosira construens pumila,4,1
Staurosira construens triundulata,4,1
Staurosira construens var. binodis,4,1
Staurosira construens var. exigua,4,1
Staurosira construens var. pumila,4,1
Staurosira construens var. triundulata,4,1
Staurosira construens var. venter,4,1
Staurosira dubia,4,1
Staurosira elliptica,4,1
Staurosira inflata,2,1
Staurosira lapponica,4,1
Staurosira leptostauron,4,1
Staurosira martyi,5,2
Staurosira mutabilis,4,1
Staurosira neoproducta,2,1
Staurosira oldenburgiana,2,1
Staurosira pinnata,4,1
Staurosira pinnata var. trigona,4,1
Staurosira pseudoconstruens,2,1
Staurosira robusta,2,1
Staurosira species,4,1
Staurosira subsalina,4,1
Staurosira venter,4,1
Staurosirella africana,4,1
Staurosirella alpestris,2,1
Staurosirella berolinensis,4,1
Staurosirella dubia,4,1
Staurosirella krammeri,4,1
Staurosirella lapponica,4,1
Staurosirella leptostauron,4,1
Staurosirella leptostauron var. dubia,4,1
Staurosirella martyi,5,2
Staurosirella mutabilis,4,1
Staurosirella oldenburgiana,2,1
Staurosirella pinnata,4,1
Staurosirella pinnata intercedens,4,1
Staurosirella pinnata trigona,4,1
Staurosirella pinnata var. intercedens,4,1
Staurosirella pinnata var. lancettula,4,1
Staurosirella pinnata var. trigona,4,1
Staurosirella species,4,1
Stenopterobia anceps ssp.anceps,1,1
Stenopterobia capitata,1,1
Stenopterobia curvula,1,1
Stenopterobia delicatissima,1,1
Stenopterobia densestriata,1,1
Stenopterobia sigmatella,1,1
Stenopterobia sigmatella var. capitata,1,1
Stenopterobia species,1,1
Stephanodiscus triporus,4,1
Surirella amphioxys,3,1
Surirella angusta,3,1
Surirella armoricana,3,1
Surirella astridae,3,1
Surirella asymmetrica,3,1
Surirella barrowcliffia,3,1
Surirella bifrons,3,1
Surirella birostrata,3,1
Surirella biseriata,3,1
Surirella biseriata amphioxys,3,1
Surirella biseriata bicuspidata,3,1
Surirella biseriata fo. minor,3,1
Surirella biseriata fo. punctata,3,1
Surirella biseriata var. bicuspidata,3,1
Surirella biseriata var. bifrons,3,1
Surirella biseriata var. constricta,3,1
Surirella bohemica,3,1
Surirella brebissonii kuetzingii,3,1
Surirella brebissonii punctata,3,1
Surirella brebissonii var. brebissonii,3,1
Surirella brebissonii var. kuetzingii,3,1
Surirella brebissonii var. punctata,3,1
Surirella brightwellii,3,1
Surirella brightwellii baltica,3,1
Surirella brightwellii var. baltica,3,1
Surirella brightwellii var. brightwellii,3,1
Surirella capronii,3,1
Surirella capronii var. calcarata,3,1
Surirella caspia,3,1
Surirella comis,3,1
Surirella constricta,3,1
Surirella cruciata,3,1
Surirella crumena,3,1
Surirella delicatissima,3,1
Surirella delicatissima fo. longirostris,3,1
Surirella didyma,3,1
Surirella elegans,3,1
Surirella fastuosa,3,1
Surirella fastuosa var. cuneata,3,1
Surirella fluminensis,3,1
Surirella gemma,3,1
Surirella gracilis,3,1
Surirella grunowii,3,1
Surirella hastata,3,1
Surirella helvetica,3,1
Surirella helvetica tibetica,3,1
Surirella helvetica var. tibetica,3,1
Surirella hibernica,4,1
Surirella hispida,3,1
Surirella hoefleri,3,1
Surirella hybrida,3,1
Surirella islandica,1,2
Surirella ladogensis,3,1
Surirella lapponica,3,1
Surirella lata,3,1
Surirella librile,4,1
Surirella linearis,3,1
Surirella linearis var. constricta,3,1
Surirella linearis var. helvetica,3,1
Surirella minima,3,1
Surirella minuta,3,1
Surirella moelleriana,3,1
Surirella nana,3,1
Surirella ovalis,3,1
Surirella ovalis maxima,3,1
Surirella ovalis var. brightwellii,3,1
Surirella ovalis var. maxima,3,1
Surirella ovalis var. salina,3,1
Surirella ovata,3,1
Surirella ovata var. aequalis,3,1
Surirella ovata var. crumena,3,1
Surirella ovata var. minuta,3,1
Surirella ovata var. salina,3,1
Surirella pandura,3,1
Surirella patella,3,1
Surirella peisonis,3,1
Surirella pyriformis,3,1
Surirella rhombica,3,1
Surirella roba,3,1
Surirella robusta,3,1
Surirella robusta var. splendida,3,1
Surirella salina,3,1
Surirella saxonica,3,1
Surirella simplex,3,1
Surirella smithii,3,1
Surirella smithii var. constricta,3,1
Surirella species,3,1
Surirella spiralis,3,1
Surirella splendida,3,1
Surirella striatula sensu,3,1
Surirella strigosa,3,1
Surirella subsalsa,3,1
Surirella subsalsa tenuis,3,1
Surirella suecica,3,1
Surirella tenera,3,1
Surirella tenera var. nervosa,3,1
Surirella tenuis,3,1
Surirella turgida,3,1
Surirella turgida var. margarita,3,1
Surirella variabilis,3,1
Surirella verrucosa,3,1
Surirella visurgis,3,1
Synedra acus,4,1
Synedra acus var. angustissima,4,1
Synedra amphicephala,4,1
Synedra amphicephala var. austriaca,4,1
Synedra bacillaris,4,1
Synedra baculus,4,1
Synedra berolinensis,4,1
Synedra bilunaris,1,3
Synedra capitata,4,1
Synedra closterioides,4,1
Synedra crystallina,4,1
Synedra cyclopum,4,1
Synedra delicatissima,4,1
Synedra delicatissima mesoleia,4,1
Synedra delicatissima var. angustissima,4,1
Synedra delicatissima var. mesoleia,4,1
Synedra famelica,4,1
Synedra famelica var. capitata,3,2
Synedra fasciculata,5,2
Synedra formosa,4,1
Synedra fulgens,4,1
Synedra gaillonii,4,1
Synedra gloiophila,4,1
Synedra gracilis,4,1
Synedra hennedyana,4,1
Synedra hyperborea,4,1
Synedra investiens,4,1
Synedra japonica,4,1
Synedra limnetica,4,1
Synedra minuscula,4,1
Synedra montana,4,1
Synedra nana,4,1
Synedra parasitica,4,1
Synedra parasitica var. subconstricta,4,1
Synedra pulchella,2,1
Synedra pulchella fo. subconstricta,2,1
Synedra pulchella naviculacea,2,1
Synedra pulchella var. lanceolata,2,1
Synedra pulchella var. naviculacea,2,1
Synedra robusta,4,1
Synedra rumpens,4,1
Synedra rumpens var. familiaris,4,1
Synedra sp.,4,1
Synedra superba,4,1
Synedra tabulata australis,5,2
Synedra tabulata var. australis,5,2
Synedra tabulata var. tabulata,5,2
Synedra tenera,4,1
Synedra tenera var. utermoehlii,4,1
Synedra tenuissima,4,1
Synedra ulna,3,1
Synedra ulna fo. biceps,3,1
Synedra ulna impressa,3,1
Synedra ulna var. aequalis,3,1
Synedra ulna var. amphirhynchus,3,1
Synedra ulna var. biceps,3,1
Synedra ulna var. danica,3,1
Synedra ulna var. impressa,3,1
Synedra ulna var. longissima,3,1
Synedra ulna var. oxyrhynchus,3,1
Synedra ulna var. spathulifera,3,1
Synedra undulata,4,1
Synedrella parasitica,4,1
Synedropsis hyperborea,4,1
Synedropsis hyperborea (grunow),4,1
Tabellaria fenestrata,2,3
Tabellaria fenestrata asterionelloides,2,3
Tabellaria fenestrata var. asterionelloides,2,3
Tabellaria flocculosa,2,3
Tabellaria flocculosa var. asterionelloides,2,3
Tabellaria quadriseptata,2,3
Tabellaria species,2,3
Tabellaria ventricosa,2,3
Tabularia barbatula,5,2
Tabularia fasciculata,5,2
Tabularia gaillonii,4,1
Tabularia investiens,4,1
Tabularia species,5,2
Tabularia tabulata,5,2
Tetracyclus arceli,5,2
Tetracyclus castellum,3,0
Tetracyclus ellipticus,1,1
Tetracyclus emarginatus,1,1
Tetracyclus glans,1,1
Tetracyclus lacustris,1,1
Tetracyclus lacustris var. parvula,3,0
Tetracyclus parvula,3,0
Tetracyclus rupestris,1,1
Tetracyclus species,1,1
Tetracyclus stellare,3,0
Tetracyclus stellaris,3,0
Thalassiosira endoseriata,1,1
Toxarium hennedyanum,4,1
Toxarium undulatum,4,1
Tryblionella acuminata,4,1
Tryblionella acuminata var. subconstricta,4,1
Tryblionella acuta,4,1
Tryblionella aerophila,4,1
Tryblionella angustata,4,1
Tryblionella angustata acuta,4,1
Tryblionella angustata var. acuta,2,3
Tryblionella angustatula,4,1
Tryblionella balatonis,4,1
Tryblionella circumsuta,4,1
Tryblionella coarctata,4,1
Tryblionella compressa,4,1
Tryblionella debilis,4,1
Tryblionella gracilis,4,1
Tryblionella granulata,4,1
Tryblionella hantzschiana,4,1
Tryblionella hungarica,4,1
Tryblionella levidensis,4,1
Tryblionella littoralis,4,1
Tryblionella littoralis tergestina,4,1
Tryblionella littoralis var. tergestina,4,1
Tryblionella marginulata,4,1
Tryblionella navicularis,4,1
Tryblionella perversa,4,1
Tryblionella plana,4,1
Tryblionella punctata,4,1
Tryblionella punctata elongata,4,1
Tryblionella punctata var. apiculata,4,1
Tryblionella punctata var. coarctata,4,1
Tryblionella punctata var. constricta,4,1
Tryblionella salinarum,4,1
Tryblionella scalaris,4,1
Tryblionella sp.,4,1
Tryblionella victoriae,4,1
Tryblionella visurgis,4,1
Ulnaria acus,4,1
Ulnaria amphirhynchus,3,1
Ulnaria biceps,3,1
Ulnaria capitata,4,1
Ulnaria danica,3,1
Ulnaria delicatissima,4,1
Ulnaria delicatissima angustissima,4,1
Ulnaria delicatissima var. angustissima,4,1
Ulnaria japonica,4,1
Ulnaria oxyrhynchus,3,1
Ulnaria ulna,3,1
Ulnaria ulna angustissima,4,1
Ulnaria ulna spathulifera,3,1
Ulnaria ulna subcontracta,3,1
Ulnaria ulna var. acus,4,1
Ulnaria ulna var. aequalis,3,1
Ulnaria ulna var. danica,3,1
Ulnaria ulna var. spathulifera,3,1
Ulnaria ulna var. subcontracta,3,1
Unaria japonica,4,1
Undellata lineata,3,1
Vanheurckia interposita var. incomperta,1,2
